Gender,Age,Type of Job,Weekly working hours,Income,Home country,Timepass,Fave Sports,Most visited websites,Most listened musics,Most watched movies,Most watched tv programmes,Most read books,Openness to Experience,Conscientiousness,Extraversion,Agreeableness,Neuroticism,Number of countries visited,visits web in Automotive,visits web in Baby Products,visits web in Health & Beauty,visits web in Media,visits web in Consumer Electronics,visits web in Console & Video Games,visits web in Tools,visits web in Living,visits web in Grocery,visits web in Home,visits web in Betting,visits web in Jewellery & Watches,visits web in Musical Instruments,visits web in Office,visits web in Pet Supplies,visits web in Computer Software,visits web in Sports,visits web in Toys & Games,visits web in Dating,visits web in Clothing & Shoes,max star in Clothing & Shoes,max star in Automotive,max star in Baby Products,max star in Health & Beauty,max star in Media (BMVD),max star in Consumer Electronics,max star in Console & Video Games,max star in DIY & Tools,max star in Garden & Outdoor living,max star in Grocery,max star in Kitchen & Home,max star in Betting,max star in Jewellery & Watches,max star in Musical Instruments,max star in Office Products,max star in Pet Supplies,max star in Computer Software,max star in Sports & Outdoors,max star in Toys & Games,max star in Dating Sites,clicks Clothing & Shoes,clicks Automotive,clicks Baby Products,clicks Health & Beauty,clicks Media (BMVD),clicks Consumer Electronics,clicks Console & Video Games,clicks DIY & Tools,clicks Garden & Outdoor living,clicks Grocery,clicks Kitchen & Home,clicks Betting,clicks Jewellery & Watches,clicks Musical Instruments,clicks Office Products,clicks Pet Supplies,clicks Computer Software,clicks Sports & Outdoors,clicks Toys & Games,clicks Dating Sites,average star in Clothing & Shoes,average star in Automotive,average star in Baby Products,average star in Health & Beauty,average star in Media (BMVD),average star in Consumer Electronics,average star in Console & Video Games,average star in DIY & Tools,average star in Garden & Outdoor living,average star in Grocery,average star in Kitchen & Home,average star in Betting,average star in Jewellery & Watches,average star in Musical Instruments,average star in Office Products,average star in Pet Supplies,average star in Computer Software,average star in Sports & Outdoors,average star in Toys & Games,average star in Dating Sites
1,62,Housewife/Househusband,1,1,United States of America,Internet,I do not like Sports,"Media (BMVD), Grocery & beverages, Pet supplies","Classical Music, Easy Listening, Jazz","Action, Thriller, Drama, Comedy, Mystery","Comedy, Drama",Mystery,1,0,0,-1,0,0,0,0,0,1,0,0,0,0,1,0,0,0,0,0,1,0,0,0,0,0,3,1,3,3,1,3,1,2,3,2,3,1,3,3,4,3,2,3,3,1,0,0,0,0,0,0,0,0,0,0,0,0,0,0,1,0,0,0,0,0,1.1333333333333333,1.0,1.2,1.3333333333333333,1.0,1.3333333333333333,1.0,1.0666666666666667,1.4,1.2666666666666666,1.1333333333333333,1.0,1.2,1.1333333333333333,1.6,1.8666666666666667,1.0666666666666667,1.2666666666666666,1.3333333333333333,1.0
1,26,Contract employment,1,1,United States of America,Internet,Nothing,"Toys & games, Console & video games","Dance Music, Electronic Music, Indie Pop, Pop (Popular music), Rock",Drama,Drama,"Romance, Mystery, Science fiction, Science",1,2,2,0,0,2,0,0,0,0,0,1,0,0,0,0,0,0,0,0,0,0,0,1,0,0,3,3,1,2,3,3,5,1,3,4,4,1,3,3,4,3,4,3,4,2,0,0,0,0,0,0,1,0,0,1,1,0,0,0,1,0,1,0,1,0,1.3333333333333333,1.1333333333333333,1.0,1.1333333333333333,1.2666666666666666,1.4666666666666666,1.8,1.0,1.2666666666666666,1.3333333333333333,2.2,1.0,1.4,1.4666666666666666,1.6,1.2666666666666666,1.4,1.3333333333333333,1.6,1.2
0,22,Contract employment,1,1,United States of America,Sports,"Team sports (Footbal, Baseball, Rugby, ...) ","Sports & outdoor, Media (BMVD)","Hip Hop - Rap, Dance Music, Electronic Music, Rock","Comedy, Documentary","Sport, News",Biographies,1,1,2,1,2,1,0,0,0,1,0,0,0,0,0,0,0,0,0,0,0,0,1,0,0,0,5,5,3,5,5,5,5,5,5,5,5,5,5,5,5,5,5,5,5,4,1,1,0,1,1,1,1,1,1,1,1,1,1,1,1,1,1,1,1,1,2.2666666666666666,3.0,1.5333333333333334,2.6,3.533333333333333,3.6666666666666665,4.8,3.0,2.3333333333333335,4.133333333333334,3.3333333333333335,3.1333333333333333,2.533333333333333,2.2,3.066666666666667,2.466666666666667,3.1333333333333333,2.6666666666666665,2.8666666666666667,1.4
1,24,Student,0,1,Great Britain,Internet,"Individual sports‎ (Tennis, Archery, ...)","Stationery & office supplies, Clothing & shoes, Health & Beauty, Home stuffs","Alternative Music, Pop (Popular music), Rock","Comedy, Action, Drama, Animation, Musical, Family, Sci-Fi, Adventure","Comedy, Drama","Science fiction, Satire, Trilogies, Series",1,0,0,0,0,12,0,0,1,0,0,0,0,0,0,1,0,0,0,1,0,0,0,0,0,1,4,1,1,3,4,3,2,1,2,4,2,1,1,1,2,4,5,3,4,1,1,0,0,0,1,0,0,0,0,1,0,0,0,0,0,1,1,0,1,0,1.4,1.0,1.0,1.2666666666666666,1.4666666666666666,1.1333333333333333,1.0666666666666667,1.0,1.0666666666666667,1.4666666666666666,1.0666666666666667,1.0,1.0,1.0,1.0666666666666667,1.2666666666666666,1.3333333333333333,1.1333333333333333,1.2666666666666666,1.0
1,34,Contract employment,1,1,Czech Republic,Sports,"Individual sports‎ (Tennis, Archery, ...)","Consumer electronics, Clothing & shoes, Outdoor Living, Home stuffs, Jewellery & watches, Computer software, Sports & outdoor","Electronic Music, Asian Pop (J-Pop or K-pop), Rock","Sci-Fi, Adventure, Thriller, Action, Crime and Gangster, Epic - Historical, Animation, Mystery, Documentary, Fantasy, Horror","Learning, Weather","Science fiction, Action and Adventure, Mystery, Horror, Travel, Science, Journals, Fantasy",1,2,3,1,1,10,0,0,0,0,1,0,0,1,0,1,0,1,0,0,0,1,1,0,0,1,4,4,3,4,3,4,3,3,3,4,4,1,5,4,4,4,4,4,3,3,1,1,0,1,0,1,0,0,0,1,1,0,1,1,1,1,1,1,0,0,2.7333333333333334,1.5333333333333334,1.1333333333333333,2.533333333333333,1.5333333333333334,2.7333333333333334,1.4,1.5333333333333334,1.8,1.6,2.6,1.0,3.933333333333333,1.5333333333333334,2.1333333333333333,2.533333333333333,2.3333333333333335,2.2666666666666666,1.6,1.1333333333333333
1,38,Housewife/Househusband,0,1,United States of America,Reading,"Precision sports‎ (Golf, Bowling, ...)",Clothing & shoes,"Easy Listening, Dance Music",Adventure,Entertainment (Variety Shows),Romance,2,1,1,0,2,1,0,0,0,0,0,0,0,0,0,0,0,0,0,0,0,0,0,0,0,1,5,5,5,5,5,5,5,5,5,5,5,5,5,5,5,5,5,5,5,5,1,1,1,1,1,1,1,1,1,1,1,1,1,1,1,1,1,1,1,1,3.7333333333333334,2.6666666666666665,3.4,3.8,3.2,4.066666666666666,3.6,2.1333333333333333,2.466666666666667,3.8666666666666667,3.8666666666666667,1.9333333333333333,4.0,1.9333333333333333,3.933333333333333,1.8,3.3333333333333335,3.066666666666667,3.1333333333333333,1.4
1,18,Student,0,0,United States of America,Music,Nothing,Media (BMVD),"Rock, Pop (Popular music)","Horror, Comedy",Comedy,"Trilogies, Science fiction",1,0,3,1,0,0,0,0,0,1,0,0,0,0,0,0,0,0,0,0,0,0,0,0,0,0,4,4,5,3,4,4,4,1,1,4,1,1,5,4,5,3,4,2,5,1,1,1,1,0,1,1,1,0,0,1,0,0,1,1,1,0,1,0,1,0,1.2666666666666666,1.9333333333333333,1.2666666666666666,1.2666666666666666,1.4666666666666666,1.5333333333333334,2.6666666666666665,1.0,1.0,1.6,1.0,1.0,1.7333333333333334,2.466666666666667,1.4,1.1333333333333333,1.6666666666666667,1.0666666666666667,1.2666666666666666,1.0
1,18,Student,1,0,United States of America,Music,"Team sports (Footbal, Baseball, Rugby, ...) ","Console & video games, Clothing & shoes, Toys & games","Hip Hop - Rap, Rock, Dance Music","Comedy, Horror",Comedy,"Mystery, Horror, Cookbooks",0,2,3,3,1,0,0,0,0,0,0,1,0,0,0,0,0,0,0,0,0,0,0,1,0,1,5,5,5,5,5,5,5,5,5,5,5,5,5,5,5,5,5,5,5,2,1,1,1,1,1,1,1,1,1,1,1,1,1,1,1,1,1,1,1,0,2.8666666666666667,2.4,1.4,3.0,2.3333333333333335,4.4,4.133333333333334,2.533333333333333,3.2666666666666666,4.2,3.6666666666666665,2.1333333333333333,3.0,3.533333333333333,2.933333333333333,2.7333333333333334,2.466666666666667,3.6666666666666665,3.6666666666666665,1.0666666666666667
1,21,Student,1,0,United States of America,Internet,"Team sports (Footbal, Baseball, Rugby, ...) ",Clothing & shoes,Hip Hop - Rap,"Comedy, Adventure","Comedy, Drama, Music","Drama, Mystery",3,1,0,0,1,1,0,0,0,0,0,0,0,0,0,0,0,0,0,0,0,0,0,0,0,1,4,4,3,3,5,5,5,4,3,5,4,3,5,5,5,5,5,5,5,3,1,1,0,0,1,1,1,1,0,1,1,0,1,1,1,1,1,1,1,0,1.4666666666666666,2.1333333333333333,1.2666666666666666,1.4,2.8666666666666667,1.8666666666666667,3.1333333333333333,1.4666666666666666,1.2,1.3333333333333333,1.6666666666666667,1.2,1.8,1.9333333333333333,2.066666666666667,2.533333333333333,2.1333333333333333,2.6,2.066666666666667,1.2666666666666666
1,18,Student,1,1,United States of America,Sports,"Team sports (Footbal, Baseball, Rugby, ...) , Indoor sports, Hunting sports","Clothing & shoes, Health & Beauty, Jewellery & watches",Rock,"Horror, Comedy",Comedy,"Mystery, Horror",2,-1,1,0,0,3,0,0,1,0,0,0,0,0,0,0,0,1,0,0,0,0,0,0,0,1,4,5,1,1,5,5,1,2,5,3,5,5,4,3,5,5,5,5,3,1,1,1,0,0,1,1,0,0,1,0,1,1,1,0,1,1,1,1,0,0,1.6666666666666667,1.3333333333333333,1.0,1.0,1.5333333333333334,3.1333333333333333,1.0,1.0666666666666667,3.466666666666667,1.4,1.6666666666666667,1.2666666666666666,1.5333333333333334,1.2666666666666666,2.2,2.466666666666667,1.8,1.3333333333333333,1.2,1.0
0,28,Temporary,1,2,United States of America,Internet,"Individual sports‎ (Tennis, Archery, ...), Indoor sports, Endurance sports, Skating sports",Media (BMVD),Dance Music,Thriller,Entertainment (Variety Shows),Romance,2,0,1,0,2,1,0,0,0,1,0,0,0,0,0,0,0,0,0,0,0,0,0,0,0,0,5,5,5,5,5,5,5,5,5,5,5,5,5,5,5,5,5,5,5,5,1,1,1,1,1,1,1,1,1,1,1,1,1,1,1,1,1,1,1,1,2.2,2.1333333333333333,2.7333333333333334,2.6666666666666665,2.466666666666667,3.466666666666667,3.1333333333333333,1.8,2.3333333333333335,2.533333333333333,2.7333333333333334,1.6666666666666667,2.8,2.1333333333333333,2.466666666666667,1.8666666666666667,3.0,2.2,3.4,1.5333333333333334
1,24,Student,1,1,United Kingdom,Internet,I do not like Sports,"Grocery & beverages, Clothing & shoes, Health & Beauty",Rock,"Thriller, Epic - Historical, Sci-Fi, Fantasy, Animation","Comedy, Drama","Action and Adventure, Fantasy, Erotic fiction, Science, Cookbooks",-1,2,1,0,3,1,0,0,1,0,0,0,0,0,1,0,0,0,0,0,0,0,0,0,0,1,3,2,1,4,4,3,5,3,3,4,3,1,1,4,3,3,4,5,5,1,0,0,0,1,1,0,1,0,0,1,0,0,0,1,0,0,1,1,1,0,1.3333333333333333,1.0666666666666667,1.0,2.0,1.8,1.5333333333333334,2.4,1.1333333333333333,1.8,1.7333333333333334,1.4,1.0,1.0,1.4,1.5333333333333334,1.6,1.4666666666666666,1.3333333333333333,2.0,1.0
0,18,Student,0,2,Slovenia,Internet,Endurance sports,"Computer software, Automotive","Rock, Electronic Music","Thriller, Comedy, Crime and Gangster",Drama,"Satire, Biographies",0,0,1,1,2,1,1,0,0,0,0,0,0,0,0,0,0,0,0,0,0,1,0,0,0,0,4,4,1,3,4,5,3,4,3,3,2,1,4,3,4,3,3,4,3,1,1,1,0,0,1,1,0,1,0,0,0,0,1,0,1,0,0,1,0,0,2.2,2.2666666666666666,1.0,1.6,1.7333333333333334,2.6,1.2,1.6,1.4,1.4,1.2666666666666666,1.0,2.066666666666667,1.4666666666666666,2.0,1.6666666666666667,1.8666666666666667,1.7333333333333334,1.3333333333333333,1.0
0,20,Student,1,0,Saudi Arabia,Internet,"Individual sports‎ (Tennis, Archery, ...), Team sports (Footbal, Baseball, Rugby, ...) , Indoor sports",Sports & outdoor,Asian Pop (J-Pop or K-pop),Documentary,News,"Action and Adventure, Mystery, Religious, Science",0,3,0,0,0,3,0,0,0,0,0,0,0,0,0,0,0,0,0,0,0,0,1,0,0,0,3,3,1,2,3,2,2,3,1,2,3,1,1,1,3,1,3,4,2,1,0,0,0,0,0,0,0,0,0,0,0,0,0,0,0,0,0,1,0,0,1.2,1.1333333333333333,1.0,1.0666666666666667,1.1333333333333333,1.0666666666666667,1.0666666666666667,1.2666666666666666,1.0,1.0666666666666667,1.1333333333333333,1.0,1.0,1.0,1.2,1.0,1.2666666666666666,1.7333333333333334,1.0666666666666667,1.0
0,23,Student,1,2,United States of America,Sports,"Individual sports‎ (Tennis, Archery, ...), Team sports (Footbal, Baseball, Rugby, ...) , Precision sports‎ (Golf, Bowling, ...)","Clothing & shoes, Console & video games, Health & Beauty","Hip Hop - Rap, Asian Pop (J-Pop or K-pop)","Action, Adventure, Thriller, Comedy, Drama, Animation","Drama, Comedy, Entertainment (Variety Shows), Sport","Mystery, Guide, Comics, Fantasy",2,1,1,0,1,3,0,0,1,0,0,1,0,0,0,0,0,0,0,0,0,0,0,0,0,1,5,5,4,5,5,5,5,3,3,5,3,2,5,2,4,3,3,5,5,4,1,1,1,1,1,1,1,0,0,1,0,0,1,0,1,0,0,1,1,1,2.8666666666666667,2.066666666666667,1.3333333333333333,2.2,1.6666666666666667,2.8666666666666667,3.8666666666666667,1.3333333333333333,1.1333333333333333,2.7333333333333334,1.4666666666666666,1.2,2.066666666666667,1.4,1.8666666666666667,1.4,1.8,2.466666666666667,2.1333333333333333,1.6
1,22,Student,1,0,United Kingdom,Internet,"Nothing, I do not like Sports","Tools & hardware, Consumer electronics, Clothing & shoes, Grocery & beverages, Toys & games","Classical Music, Rock, Pop (Popular music)","Action, Adventure, Comedy, Sci-Fi","Comedy, News, Drama","Action and Adventure, Mystery, Science, Math, Cookbooks, Fantasy, Children's literature",1,-1,3,1,0,9,0,0,0,0,1,0,1,0,1,0,0,0,0,0,0,0,0,1,0,1,4,4,3,3,5,5,4,5,3,5,3,3,5,4,5,3,4,5,5,1,1,1,0,0,1,1,1,1,0,1,0,0,1,1,1,0,1,1,1,0,2.4,1.8,1.1333333333333333,1.5333333333333334,2.8,3.0,3.1333333333333333,3.3333333333333335,2.066666666666667,2.8,1.7333333333333334,1.8666666666666667,3.066666666666667,1.6666666666666667,2.933333333333333,1.4666666666666666,3.2,1.9333333333333333,2.6,1.0
1,20,Student,0,3,United States of America,Internet,I do not like Sports,"Grocery & beverages, Jewellery & watches, Stationery & office supplies, Toys & games","Dance Music, Easy Listening, Indie Pop, Asian Pop (J-Pop or K-pop), Pop (Popular music), Rock","Thriller, Comedy, Horror, Sci-Fi, Animation, Fantasy","Children's, Comedy, News, Learning","Action and Adventure, Mystery, Horror, Science, Comics, Cookbooks, Fantasy",0,2,2,1,0,1,0,0,0,0,0,0,0,0,1,0,0,1,0,1,0,0,0,1,0,0,4,3,3,3,3,4,4,3,3,4,3,3,4,3,4,4,4,4,4,3,1,0,0,0,0,1,1,0,0,1,0,0,1,0,1,1,1,1,1,0,2.466666666666667,1.5333333333333334,1.4666666666666666,1.9333333333333333,2.466666666666667,2.0,2.4,1.5333333333333334,2.6,2.3333333333333335,2.1333333333333333,2.2,2.3333333333333335,1.9333333333333333,2.066666666666667,2.2,2.533333333333333,2.2666666666666666,2.4,1.9333333333333333
1,24,Student,1,0,Singapore,Internet,Other,"Media (BMVD), Health & Beauty","Singer - Songwriter (inc. Folk), European Music (Folk-Pop), Asian Pop (J-Pop or K-pop)","Documentary, Romance, Thriller","Drama, Entertainment (Variety Shows)",Religious,-1,1,2,0,0,6,0,0,1,1,0,0,0,0,0,0,0,0,0,0,0,0,0,0,0,0,3,1,1,2,3,2,1,4,2,2,2,1,2,3,4,3,2,3,2,1,0,0,0,0,0,0,0,1,0,0,0,0,0,0,1,0,0,0,0,0,1.2666666666666666,1.0,1.0,1.0666666666666667,1.2,1.4666666666666666,1.0,1.5333333333333334,1.2,1.1333333333333333,1.1333333333333333,1.0,1.0666666666666667,1.2666666666666666,1.4666666666666666,1.1333333333333333,1.2,1.3333333333333333,1.1333333333333333,1.0
0,55,Odd job,0,1,United States of America,Reading,"Individual sports‎ (Tennis, Archery, ...)","Media (BMVD), Tools & hardware, Computer software","Country Music, Easy Listening, Singer - Songwriter (inc. Folk)","Western, Sci-Fi, Epic - Historical, Mystery, Family, Documentary","Factual, Religion &amp; Ethics, News, Learning","Self help, Guide, Religious, Action and Adventure",2,1,-1,0,0,1,0,0,0,1,0,0,1,0,0,0,0,0,0,0,0,1,0,0,0,0,3,3,3,3,3,3,2,4,3,3,2,2,3,3,4,3,4,3,4,2,0,0,0,0,0,0,0,1,0,0,0,0,0,0,1,0,1,0,1,0,1.3333333333333333,1.6,1.2666666666666666,1.5333333333333334,2.1333333333333333,2.2,1.0666666666666667,2.6666666666666665,1.4,1.7333333333333334,1.3333333333333333,1.0666666666666667,1.5333333333333334,1.3333333333333333,2.2,1.3333333333333333,2.6,1.7333333333333334,2.1333333333333333,1.0666666666666667
0,22,Contract employment,1,1,United States of America,Internet,"Individual sports‎ (Tennis, Archery, ...), Team sports (Footbal, Baseball, Rugby, ...) , Indoor sports, Precision sports‎ (Golf, Bowling, ...), Water sports, I do not like Sports","Clothing & shoes, Health & Beauty, Consumer electronics, Grocery & beverages, Home stuffs","Asian Pop (J-Pop or K-pop), European Music (Folk-Pop), Pop (Popular music), Indie Pop, Hip Hop - Rap","Adventure, Action, Comedy, Family, Fantasy, Mystery","Comedy, Entertainment (Variety Shows), Learning, Drama, Factual, News","Erotic fiction, Satire, Prayer books",0,3,2,-2,0,3,0,0,1,0,1,0,0,0,1,1,0,0,0,0,0,0,0,0,0,1,3,4,3,4,3,3,2,4,4,3,4,1,2,4,3,4,3,4,4,1,0,1,0,1,0,0,0,1,1,0,1,0,0,1,0,1,0,1,1,0,1.2666666666666666,1.2,1.1333333333333333,1.6666666666666667,1.6,1.6,1.0666666666666667,2.7333333333333334,2.533333333333333,1.2,1.5333333333333334,1.0,1.1333333333333333,1.6666666666666667,1.4666666666666666,1.2,2.066666666666667,1.6,1.4,1.0
1,28,Contract employment,1,3,United States of America,Sports,Endurance sports,"Clothing & shoes, Health & Beauty, Media (BMVD), Grocery & beverages, Sports & outdoor, Home stuffs","Alternative Music, Country Music, European Music (Folk-Pop), Pop (Popular music), Latin Music, Indie Pop, Easy Listening, Blues","Action, Adventure, Comedy, Crime and Gangster","Drama, Comedy, Entertainment (Variety Shows), Sport","Satire, Drama, Action and Adventure, Mystery, Children's literature, Religious",1,0,-2,0,1,9,0,0,1,1,0,0,0,0,1,1,0,0,0,0,0,0,1,0,0,1,5,3,4,5,4,3,3,4,5,5,5,2,5,4,2,2,2,5,3,1,1,0,1,1,1,0,0,1,1,1,1,0,1,1,0,0,0,1,0,0,3.066666666666667,1.4666666666666666,1.2666666666666666,2.6,2.0,1.8,1.1333333333333333,2.4,2.6666666666666665,2.6666666666666665,2.8666666666666667,1.1333333333333333,3.3333333333333335,2.066666666666667,1.4,1.0666666666666667,1.2666666666666666,2.6,1.6,1.0
1,27,Temporary,0,1,United States of America,Movie,"Team sports (Footbal, Baseball, Rugby, ...) ",Clothing & shoes,Dance Music,Thriller,Drama,Drama,2,0,1,-1,0,1,0,0,0,0,0,0,0,0,0,0,0,0,0,0,0,0,0,0,0,1,5,2,1,4,5,5,5,2,4,5,4,1,4,2,5,5,4,3,3,1,1,0,0,1,1,1,1,0,1,1,1,0,1,0,1,1,1,0,0,0,2.533333333333333,1.0666666666666667,1.0,3.1333333333333333,3.6,2.0,3.2666666666666666,1.1333333333333333,2.2666666666666666,2.1333333333333333,1.7333333333333334,1.0,1.6,1.2,2.466666666666667,3.6666666666666665,2.3333333333333335,1.4,1.1333333333333333,1.0
0,24,Student,1,1,United Kingdom,Reading,I do not like Sports,"Media (BMVD), Dating","Pop (Popular music), Classical Music, Rock, R&amp;B - Soul","Sci-Fi, Comedy, Horror, Crime and Gangster, Drama, Adventure, Action, Western, Musical","Comedy, Factual, Drama","Science fiction, Horror, Drama, Diaries",1,0,1,1,0,1,0,0,0,1,0,0,0,0,0,0,0,0,0,0,0,0,0,0,1,0,2,1,3,4,5,3,1,2,2,3,2,1,2,3,3,1,4,2,3,4,0,0,0,1,1,0,0,0,0,0,0,0,0,0,0,0,1,0,0,1,1.2,1.0,1.1333333333333333,1.6,2.7333333333333334,1.4,1.0,1.1333333333333333,1.1333333333333333,1.2,1.3333333333333333,1.0,1.1333333333333333,1.4,1.6,1.0,1.6,1.0666666666666667,1.3333333333333333,2.066666666666667
1,33,Contract employment,0,0,United States of America,Music,Equestrian sports‎,Musical instruments & recording equipment,"Rock, Classical Music, Pop (Popular music), Singer - Songwriter (inc. Folk)","Action, Adventure, Comedy, Drama, Sci-Fi, Epic - Historical, Mystery, Family","Comedy, Drama","Science fiction, Satire, Drama, Action and Adventure, Mystery, Travel, Religious, Prayer books, Trilogies",2,2,1,0,0,29,0,0,0,0,0,0,0,0,0,0,0,0,1,0,0,0,0,0,0,0,3,3,2,3,4,4,2,2,2,3,3,3,3,4,3,3,3,3,2,3,0,0,0,0,1,1,0,0,0,0,0,0,0,1,0,0,0,0,0,0,2.2666666666666666,2.1333333333333333,1.9333333333333333,2.2,2.7333333333333334,2.3333333333333335,1.6,2.0,2.0,1.8666666666666667,2.2,1.3333333333333333,2.066666666666667,3.1333333333333333,2.2,2.0,2.533333333333333,2.6,1.9333333333333333,1.8
1,20,Student,0,1,United States of America,Reading,"Individual sports‎ (Tennis, Archery, ...)",Health & Beauty,"Dance Music, Alternative Music, Easy Listening, Pop (Popular music), Rock, Inspirational (incl. Gospel)","Adventure, Comedy, Drama, Family, Romance","Children's, Comedy, Drama, Learning","Romance, Guide, Travel, Religious",1,1,0,2,-1,6,0,0,1,0,0,0,0,0,0,0,0,0,0,0,0,0,0,0,0,0,3,3,1,3,3,3,1,1,3,1,1,1,3,3,2,1,3,3,3,1,0,0,0,0,0,0,0,0,0,0,0,0,0,0,0,0,0,0,0,0,1.3333333333333333,1.1333333333333333,1.0,1.4666666666666666,1.5333333333333334,1.2666666666666666,1.0,1.0,1.7333333333333334,1.0,1.0,1.0,1.3333333333333333,1.4666666666666666,1.0666666666666667,1.0,1.4666666666666666,1.2666666666666666,1.2666666666666666,1.0
0,25,Unemploied,0,1,United States of America,Reading,I do not like Sports,Media (BMVD),Pop (Popular music),"Fantasy, Drama","Drama, Children's","Fantasy, Children's literature, Science",0,0,0,1,1,1,0,0,0,1,0,0,0,0,0,0,0,0,0,0,0,0,0,0,0,0,4,1,5,5,5,5,5,3,1,5,3,3,5,2,5,3,4,5,5,1,1,0,1,1,1,1,1,0,0,1,0,0,1,0,1,0,1,1,1,0,1.4,1.0,1.6,1.8,2.6666666666666665,3.933333333333333,3.2666666666666666,1.2666666666666666,1.0,1.6666666666666667,1.3333333333333333,1.8,3.4,1.4666666666666666,2.0,1.2,2.2666666666666666,1.8666666666666667,3.066666666666667,1.0
0,19,Student,0,3,Canada,Sports,"Team sports (Footbal, Baseball, Rugby, ...) , Olympic sports‎, Endurance sports, Precision sports‎ (Golf, Bowling, ...)",Computer software,Classical Music,Comedy,Sport,Science,1,0,0,2,1,1,0,0,0,0,0,0,0,0,0,0,0,0,0,0,0,1,0,0,0,0,4,5,4,5,5,5,5,5,4,4,3,5,5,5,4,4,5,5,5,2,1,1,1,1,1,1,1,1,1,1,0,1,1,1,1,1,1,1,1,0,2.2,2.2,1.6666666666666667,2.1333333333333333,2.8666666666666667,3.6,3.8,2.8,2.2,2.3333333333333335,2.3333333333333335,1.4666666666666666,3.533333333333333,2.6666666666666665,2.6666666666666665,1.9333333333333333,3.7333333333333334,3.2666666666666666,3.066666666666667,1.0666666666666667
0,31,Odd job,1,1,United States of America,Internet,"Team sports (Footbal, Baseball, Rugby, ...) , Endurance sports, Hunting sports","Toys & games, Media (BMVD), Consumer electronics","Hip Hop - Rap, Rock, Pop (Popular music)","Action, Family, Romance, Sci-Fi, Animation","Comedy, Drama, Music","Mystery, Biographies, Children's, Action and Adventure",2,2,0,0,-1,1,0,0,0,1,1,0,0,0,0,0,0,0,0,0,0,0,0,1,0,0,5,1,2,5,5,1,2,1,5,5,5,1,4,1,2,5,1,2,1,1,1,0,0,1,1,0,0,0,1,1,1,0,1,0,0,1,0,0,0,0,1.5333333333333334,1.0,1.1333333333333333,2.066666666666667,1.2666666666666666,1.0,1.0666666666666667,1.0,1.5333333333333334,1.6,1.6,1.0,1.2,1.0,1.0666666666666667,1.4,1.0,1.0666666666666667,1.0,1.0
0,25,Contract employment,1,0,United States of America,Internet,Olympic sports‎,Console & video games,Alternative Music,Sci-Fi,Comedy,Romance,0,-1,0,1,0,1,0,0,0,0,0,1,0,0,0,0,0,0,0,0,0,0,0,0,0,0,4,4,3,3,5,3,4,2,2,5,2,1,5,4,4,1,4,4,5,1,1,1,0,0,1,0,1,0,0,1,0,0,1,1,1,0,1,1,1,0,1.6666666666666667,1.4,1.1333333333333333,1.9333333333333333,2.533333333333333,1.6,2.533333333333333,1.2,1.0666666666666667,1.7333333333333334,1.4,1.0,2.4,1.6,2.1333333333333333,1.0,1.6666666666666667,1.7333333333333334,2.2,1.0
0,38,Contract employment,1,2,United States of America,Internet,"Individual sports‎ (Tennis, Archery, ...), Team sports (Footbal, Baseball, Rugby, ...) , Indoor sports, Water sports","Toys & games, Clothing & shoes, Tools & hardware","World Music - Beats, Easy Listening, Rock","Action, Adventure, Fantasy, Family, Animation, Horror","News, Sport, Learning, Music","Science fiction, Action and Adventure, Fantasy, Series",2,1,0,1,2,1,0,0,0,0,0,0,1,0,0,0,0,0,0,0,0,0,0,1,0,1,5,5,5,5,5,5,5,3,5,5,5,5,5,3,5,3,5,5,5,3,1,1,1,1,1,1,1,0,1,1,1,1,1,0,1,0,1,1,1,0,3.8666666666666667,2.2666666666666666,2.6666666666666665,3.1333333333333333,2.533333333333333,4.0,3.2666666666666666,1.6666666666666667,2.8666666666666667,2.6666666666666665,2.933333333333333,1.8666666666666667,3.066666666666667,1.3333333333333333,3.8666666666666667,1.5333333333333334,2.8666666666666667,1.8,3.2,1.4666666666666666
1,18,Temporary,0,0,United States of America,Music,"Individual sports‎ (Tennis, Archery, ...), Precision sports‎ (Golf, Bowling, ...)","Clothing & shoes, Media (BMVD)","Classical Music, Electronic Music, Rock, Reggae, New Age, Pop (Popular music), R&amp;B - Soul","Adventure, Drama","Comedy, Drama","Science fiction, Action and Adventure, Series, Erotic fiction",0,2,-1,0,0,0,0,0,0,1,0,0,0,0,0,0,0,0,0,0,0,0,0,0,0,1,3,4,5,4,5,5,4,3,4,3,3,2,3,4,5,2,3,4,3,4,0,1,1,1,1,1,1,0,1,0,0,0,0,1,1,0,0,1,0,1,1.3333333333333333,1.7333333333333334,1.2666666666666666,1.6,2.8,2.6,2.1333333333333333,1.3333333333333333,2.0,1.7333333333333334,1.8666666666666667,1.1333333333333333,2.533333333333333,2.466666666666667,2.1333333333333333,1.3333333333333333,1.3333333333333333,1.8,1.6666666666666667,1.2
1,57,Unemploied,0,0,United States of America,Internet,"Individual sports‎ (Tennis, Archery, ...)","Clothing & shoes, Health & Beauty, Outdoor Living, Automotive, Consumer electronics, Grocery & beverages, Home stuffs, Jewellery & watches, Sports & outdoor, Console & video games","Jazz, R&amp;B - Soul, Inspirational (incl. Gospel)","Action, Thriller, Crime and Gangster, Drama, Horror, Sci-Fi, Biography, Mystery, Documentary, Adventure, Comedy","Drama, Factual, Learning, Music, News, Weather","Romance, Self help, Poetry, Cookbooks, Guide",2,0,0,0,0,0,1,0,1,0,1,1,0,1,1,1,0,1,0,0,0,0,1,0,0,1,5,5,3,5,5,5,5,5,5,5,5,1,5,5,5,5,5,5,3,1,1,1,0,1,1,1,1,1,1,1,1,0,1,1,1,1,1,1,0,0,3.066666666666667,3.533333333333333,1.1333333333333333,3.2666666666666666,1.7333333333333334,4.2,1.6666666666666667,1.4666666666666666,4.066666666666666,3.6,2.8666666666666667,1.0,3.466666666666667,1.2666666666666666,1.8,1.4,1.7333333333333334,2.7333333333333334,1.1333333333333333,1.0
1,32,Temporary,1,1,United States of America,Internet,"Individual sports‎ (Tennis, Archery, ...), Team sports (Footbal, Baseball, Rugby, ...) , Indoor sports",Console & video games,Country Music,Thriller,Comedy,Action and Adventure,1,2,2,0,1,1,0,0,0,0,0,1,0,0,0,0,0,0,0,0,0,0,0,0,0,0,1,1,4,1,3,3,1,2,3,3,3,1,2,4,3,4,4,3,2,2,0,0,1,0,0,0,0,0,0,0,0,0,0,1,0,1,1,0,0,0,1.0,1.0,1.2,1.0,1.3333333333333333,1.3333333333333333,1.0,1.0666666666666667,1.2666666666666666,1.1333333333333333,1.4,1.0,1.1333333333333333,1.6666666666666667,1.8,2.2,1.4,1.2666666666666666,1.0666666666666667,1.2
0,35,Contract employment,1,1,United States of America,Internet,"Individual sports‎ (Tennis, Archery, ...), Team sports (Footbal, Baseball, Rugby, ...) ",Console & video games,European Music (Folk-Pop),Crime and Gangster,Religion &amp; Ethics,Drama,-3,-1,0,-1,1,1,0,0,0,0,0,1,0,0,0,0,0,0,0,0,0,0,0,0,0,0,1,1,1,1,4,1,1,1,2,3,1,1,1,2,2,1,1,1,1,1,0,0,0,0,1,0,0,0,0,0,0,0,0,0,0,0,0,0,0,0,1.0,1.0,1.0,1.0,1.3333333333333333,1.0,1.0,1.0,1.0666666666666667,1.2666666666666666,1.0,1.0,1.0,1.1333333333333333,1.0666666666666667,1.0,1.0,1.0,1.0,1.0
0,40,Contract employment,1,1,United States of America,Sports,"Team sports (Footbal, Baseball, Rugby, ...) ","Sports & outdoor, Media (BMVD)",Electronic Music,"Family, Animation","Comedy, Drama","Drama, Action and Adventure",0,0,0,0,-4,1,0,0,0,1,0,0,0,0,0,0,0,0,0,0,0,0,1,0,0,0,2,5,4,1,5,5,5,4,5,5,5,1,1,1,3,1,5,4,5,3,0,1,1,0,1,1,1,1,1,1,1,0,0,0,0,0,1,1,1,0,1.0666666666666667,2.4,1.2,1.0,2.2,3.0,2.2,1.6,1.6,2.0,1.6666666666666667,1.0,1.0,1.0,1.1333333333333333,1.0,1.2666666666666666,1.2,1.8,1.3333333333333333
1,33,Contract employment,1,2,United States of America,Music,Equestrian sports‎,Outdoor Living,R&amp;B - Soul,Family,Factual,"History, Diaries",2,-1,-1,0,0,1,0,0,0,0,0,0,0,1,0,0,0,0,0,0,0,0,0,0,0,0,5,1,1,4,4,3,2,1,2,4,2,1,1,1,2,4,5,4,4,1,1,0,0,1,1,0,0,0,0,1,0,0,0,0,0,1,1,1,1,0,1.8666666666666667,1.0,1.0,1.3333333333333333,1.8666666666666667,1.1333333333333333,1.0666666666666667,1.0,1.0666666666666667,1.8666666666666667,1.0666666666666667,1.0,1.0,1.0,1.0666666666666667,1.2666666666666666,1.7333333333333334,1.3333333333333333,1.6666666666666667,1.0
1,34,Self-employment,1,2,United States of America,Reading,"Indoor sports, Endurance sports","Console & video games, Musical instruments & recording equipment",Dance Music,Biography,Learning,"Poetry, Guide",1,0,0,0,0,1,0,0,0,0,0,1,0,0,0,0,0,0,1,0,0,0,0,0,0,0,5,1,1,3,4,3,2,1,2,4,2,2,2,1,2,4,5,3,4,1,1,0,0,0,1,0,0,0,0,1,0,0,0,0,0,1,1,0,1,0,1.9333333333333333,1.0,1.0,1.4,1.7333333333333334,1.4,1.0666666666666667,1.0,1.0666666666666667,1.8666666666666667,1.1333333333333333,1.0666666666666667,1.0666666666666667,1.0,1.1333333333333333,1.4666666666666666,1.3333333333333333,1.1333333333333333,1.6,1.0
0,22,Student,0,0,Romania,Internet,"Team sports (Footbal, Baseball, Rugby, ...) , Skating sports, Water sports","Console & video games, Media (BMVD)","Electronic Music, Hip Hop - Rap, Reggae","Comedy, Mystery","Comedy, Children's","Science fiction, Mystery, History, Erotic fiction",0,0,2,0,1,9,0,0,0,1,0,1,0,0,0,0,0,0,0,0,0,0,0,0,0,0,3,1,5,5,5,4,5,1,2,4,3,2,2,3,3,1,5,5,3,1,0,0,1,1,1,1,1,0,0,1,0,0,0,0,0,0,1,1,0,0,1.1333333333333333,1.0,1.2666666666666666,1.2666666666666666,1.7333333333333334,1.4666666666666666,3.7333333333333334,1.0,1.1333333333333333,2.933333333333333,1.6666666666666667,1.0666666666666667,1.0666666666666667,1.2666666666666666,1.9333333333333333,1.0,1.6666666666666667,2.0,1.2666666666666666,1.0
0,32,Unemploied,0,0,United States of America,Internet,Other,"Outdoor Living, Console & video games","Dance Music, Asian Pop (J-Pop or K-pop)","Horror, Sci-Fi, Fantasy, Action, Adventure",Entertainment (Variety Shows),"Action and Adventure, Horror, Science fiction, Fantasy",0,-2,1,1,0,0,0,0,0,0,0,1,0,1,0,0,0,0,0,0,0,0,0,0,0,0,3,2,2,3,3,3,4,3,3,3,3,3,3,3,2,2,5,3,3,2,0,0,0,0,0,0,1,0,0,0,0,0,0,0,0,0,1,0,0,0,2.2666666666666666,1.8,1.4,1.6666666666666667,2.066666666666667,2.2,2.933333333333333,2.1333333333333333,2.0,2.0,2.066666666666667,1.4,1.8,1.9333333333333333,1.8666666666666667,1.6,2.1333333333333333,2.2,2.1333333333333333,1.4666666666666666
0,24,Temporary,0,0,Phillipines,Internet,"Team sports (Footbal, Baseball, Rugby, ...) , Indoor sports",Consumer electronics,Rock,Adventure,Comedy,Action and Adventure,1,0,0,0,-1,2,0,0,0,0,1,0,0,0,0,0,0,0,0,0,0,0,0,0,0,0,5,1,1,2,5,3,1,1,1,5,2,2,2,1,2,5,5,2,5,1,1,0,0,0,1,0,0,0,0,1,0,0,0,0,0,1,1,0,1,0,2.3333333333333335,1.0,1.0,1.2666666666666666,1.9333333333333333,1.4,1.0,1.0,1.0,2.0,1.1333333333333333,1.0666666666666667,1.0666666666666667,1.0,1.1333333333333333,1.8,1.5333333333333334,1.1333333333333333,1.8,1.0
0,66,Contract employment,1,1,United States of America,Movie,Olympic sports‎,"Tools & hardware, Outdoor Living, Pet supplies, Automotive","Classical Music, European Music (Folk-Pop), New Age","Adventure, Comedy, Sci-Fi, Documentary, Erotic","Comedy, News, Factual, Drama","Science fiction, Mystery, Biographies, Erotic fiction",1,0,-1,1,0,4,1,0,0,0,0,0,1,1,0,0,0,0,0,0,1,0,0,0,0,0,4,5,1,4,5,5,1,5,5,5,4,5,4,4,5,5,5,4,5,1,1,1,0,1,1,1,0,1,1,1,1,1,1,1,1,1,1,1,1,0,1.5333333333333334,1.8666666666666667,1.0,1.4,2.3333333333333335,2.3333333333333335,1.0,3.466666666666667,3.933333333333333,2.1333333333333333,1.5333333333333334,1.2666666666666666,1.6666666666666667,1.2,2.4,2.0,1.8,1.5333333333333334,1.4,1.0
1,36,Contract employment,1,2,United States of America,Sports,"Individual sports‎ (Tennis, Archery, ...), Endurance sports",Betting,Country Music,Comedy,Drama,Romance,2,-2,0,0,2,7,0,0,0,0,0,0,0,0,0,0,1,0,0,0,0,0,0,0,0,0,4,1,3,3,4,4,1,4,3,3,3,1,2,1,3,3,1,4,2,4,1,0,0,0,1,1,0,1,0,0,0,0,0,0,0,0,0,1,0,1,1.6,1.0,1.2,1.2,1.8,1.7333333333333334,1.0,2.2666666666666666,1.5333333333333334,1.4,1.3333333333333333,1.0,1.1333333333333333,1.0,1.2666666666666666,1.1333333333333333,1.0,2.066666666666667,1.0666666666666667,2.1333333333333333
0,33,Contract employment,1,1,United States of America,Internet,"Motor sports, Winter sports","Consumer electronics, Media (BMVD), Console & video games, Computer software, Toys & games, Sports & outdoor","Alternative Music, Electronic Music, Indie Pop, Hip Hop - Rap, Pop (Popular music), Rock","Action, Adventure, Thriller, Comedy, Sci-Fi, Animation, Fantasy, Musical","Children's, Comedy, Drama, Factual, Learning, News, Weather","Science fiction, Satire, Science, Comics, Fantasy",1,-1,1,2,0,0,0,0,0,1,1,1,0,0,0,0,0,0,0,0,0,1,1,1,0,0,2,1,1,3,5,3,3,2,2,2,1,1,1,2,2,2,4,2,3,2,0,0,0,0,1,0,0,0,0,0,0,0,0,0,0,0,1,0,0,0,1.2666666666666666,1.0,1.0,1.4,2.1333333333333333,1.5333333333333334,2.3333333333333335,1.2,1.1333333333333333,1.2666666666666666,1.0,1.0,1.0,1.1333333333333333,1.0666666666666667,1.1333333333333333,1.4,1.0666666666666667,1.9333333333333333,1.0666666666666667
0,22,Student,0,2,United States of America,Movie,"Team sports (Footbal, Baseball, Rugby, ...) ","Tools & hardware, Clothing & shoes, Media (BMVD)","Hip Hop - Rap, Dance Music, Electronic Music, R&amp;B - Soul, Rock, Reggae","Action, Adventure, Comedy, Fantasy, Musical, Biography, Sport, Documentary","Entertainment (Variety Shows), Music, Learning, Sport, Weather","Religious, Mystery, Self help, Journals, Prayer books, Biographies, Autobiographies, History, Travel",3,2,2,0,4,1,0,0,0,1,0,0,1,0,0,0,0,0,0,0,0,0,0,0,0,1,5,5,1,5,5,5,5,5,3,5,5,1,5,5,5,5,5,5,5,1,1,1,0,1,1,1,1,1,0,1,1,0,1,1,1,1,1,1,1,0,2.933333333333333,1.5333333333333334,1.0,2.2666666666666666,2.3333333333333335,2.6,2.7333333333333334,1.6666666666666667,1.1333333333333333,3.1333333333333333,1.5333333333333334,1.0,2.2666666666666666,2.8,2.0,1.2666666666666666,1.8666666666666667,2.1333333333333333,2.066666666666667,1.0
0,49,Temporary,0,0,United States of America,Internet,"Individual sports‎ (Tennis, Archery, ...)","Clothing & shoes, Media (BMVD), Home stuffs",Hip Hop - Rap,Action,"Drama, Entertainment (Variety Shows), Comedy","Science fiction, Drama, Mystery",2,3,3,-2,-1,0,0,0,0,1,0,0,0,0,0,1,0,0,0,0,0,0,0,0,0,1,5,3,5,5,4,5,5,2,2,5,4,1,4,3,5,5,5,4,5,1,1,0,1,1,1,1,1,0,0,1,1,0,1,0,1,1,1,1,1,0,3.0,1.2666666666666666,1.7333333333333334,1.8666666666666667,1.8666666666666667,2.466666666666667,2.2666666666666666,1.0666666666666667,1.0666666666666667,1.4666666666666666,1.8666666666666667,1.0,2.0,1.2666666666666666,2.6666666666666665,1.9333333333333333,2.933333333333333,1.5333333333333334,2.1333333333333333,1.0
1,32,Self-employment,1,1,United States of America,Reading,"Individual sports‎ (Tennis, Archery, ...), Team sports (Footbal, Baseball, Rugby, ...) , Olympic sports‎, Equestrian sports‎","Health & Beauty, Stationery & office supplies, Pet supplies","Alternative Music, Pop (Popular music), Rock","Adventure, Comedy, Drama, Biography, Documentary, Musical","Comedy, Drama, Learning, Sport","Satire, Drama, Action and Adventure, Self help, Journals, Fantasy, Autobiographies",1,0,3,0,0,5,0,0,1,0,0,0,0,0,0,0,0,0,0,1,1,0,0,0,0,0,4,4,5,4,4,5,5,1,1,4,1,1,5,5,5,3,4,2,5,1,1,1,1,1,1,1,1,0,0,1,0,0,1,1,1,0,1,0,1,0,1.3333333333333333,2.2,1.4666666666666666,1.4666666666666666,1.4666666666666666,1.8,2.6,1.0,1.0,1.6,1.0,1.0,1.7333333333333334,2.7333333333333334,1.4,1.1333333333333333,1.6666666666666667,1.0666666666666667,1.2666666666666666,1.0
1,40,Student,0,1,United States of America,Internet,"Team sports (Footbal, Baseball, Rugby, ...) , Olympic sports‎","Clothing & shoes, Health & Beauty, Media (BMVD)","Rock, Alternative Music, Jazz","Documentary, Comedy, Drama, Sci-Fi","Drama, Comedy, Factual, News","Autobiographies, Mystery, Horror, Self help, Drama, Biographies",0,0,3,0,0,2,0,0,1,1,0,0,0,0,0,0,0,0,0,0,0,0,0,0,0,1,3,4,2,3,5,3,5,2,1,4,4,2,3,2,3,3,3,2,5,1,0,1,0,0,1,0,1,0,0,1,1,0,0,0,0,0,0,0,1,0,1.5333333333333334,1.6666666666666667,1.0666666666666667,1.6,2.533333333333333,2.1333333333333333,1.9333333333333333,1.2,1.0,2.533333333333333,1.7333333333333334,1.2666666666666666,1.6666666666666667,1.0666666666666667,1.8666666666666667,1.3333333333333333,1.4,1.1333333333333333,1.8,1.0
0,29,Contract employment,1,1,United States of America,Internet,"Water sports, Winter sports","Clothing & shoes, Health & Beauty, Consumer electronics","Country Music, Dance Music, Electronic Music, Hip Hop - Rap","Action, Comedy, Horror","Comedy, Entertainment (Variety Shows)",Drama,0,4,0,1,0,1,0,0,1,0,1,0,0,0,0,0,0,0,0,0,0,0,0,0,0,1,5,4,4,5,5,4,5,4,4,4,4,4,4,4,5,4,4,4,4,4,1,1,1,1,1,1,1,1,1,1,1,1,1,1,1,1,1,1,1,1,3.6,3.066666666666667,2.933333333333333,3.1333333333333333,3.0,3.2,3.3333333333333335,2.533333333333333,2.2666666666666666,3.2,2.7333333333333334,1.9333333333333333,2.933333333333333,2.6,3.0,2.7333333333333334,2.4,3.066666666666667,2.8666666666666667,2.066666666666667
1,30,Contract employment,1,2,United States of America,Reading,"Olympic sports‎, Precision sports‎ (Golf, Bowling, ...), Skating sports","Clothing & shoes, Console & video games, Computer software, Media (BMVD), Home stuffs","Country Music, Rock","Comedy, Drama, Epic - Historical, Romance, Animation, Family","Comedy, Factual, Weather","Satire, Drama, Action and Adventure, Romance, Mystery, Horror, Self help, Children's, Children's literature, Poetry, Cookbooks, Trilogies, Erotic fiction, Fantasy",0,1,2,0,0,7,0,0,0,1,0,1,0,0,0,1,0,0,0,0,0,1,0,0,0,1,4,3,4,3,4,4,4,3,4,3,3,2,3,3,5,3,4,3,4,2,1,0,1,0,1,1,1,0,1,0,0,0,0,0,1,0,1,0,1,0,2.8,2.1333333333333333,3.066666666666667,2.533333333333333,3.2666666666666666,2.8666666666666667,3.533333333333333,2.066666666666667,2.3333333333333335,2.466666666666667,2.2,2.0,2.4,2.1333333333333333,2.8666666666666667,2.1333333333333333,3.4,2.4,3.0,2.0
1,68,Temporary,0,1,United States of America,Internet,"Water sports, Other","Clothing & shoes, Health & Beauty, Media (BMVD), Home stuffs, Dating, Jewellery & watches","Jazz, R&amp;B - Soul, Rock","Adventure, Drama, Documentary","Comedy, Drama, Learning, News","Science fiction, Drama, Romance",1,1,0,0,0,10,0,0,1,1,0,0,0,0,0,1,0,1,0,0,0,0,0,0,1,1,5,5,2,5,5,5,3,3,5,5,5,2,5,4,4,5,5,5,5,5,1,1,0,1,1,1,0,0,1,1,1,0,1,1,1,1,1,1,1,1,4.133333333333334,2.2666666666666666,1.1333333333333333,3.6,3.1333333333333333,3.8,1.5333333333333334,1.8,3.7333333333333334,3.6,2.8,1.1333333333333333,4.266666666666667,1.9333333333333333,3.0,3.066666666666667,2.466666666666667,2.6,1.6,3.6
0,19,Student,1,0,Italy,Movie,"Individual sports‎ (Tennis, Archery, ...), Motor sports, Other","Tools & hardware, Consumer electronics","Alternative Music, Electronic Music, Hip Hop - Rap","Thriller, Sci-Fi, Action, Comedy","Entertainment (Variety Shows), Learning","Self help, Guide, Action and Adventure, Fantasy",2,3,1,-1,2,3,0,0,0,0,1,0,1,0,0,0,0,0,0,0,0,0,0,0,0,0,4,4,3,5,4,4,4,5,4,5,4,4,3,4,4,3,5,5,4,4,1,1,0,1,1,1,1,1,1,1,1,1,0,1,1,0,1,1,1,1,2.533333333333333,2.6666666666666665,1.3333333333333333,2.2666666666666666,2.2666666666666666,2.4,2.066666666666667,2.8,2.3333333333333335,1.9333333333333333,2.2666666666666666,1.2,1.4666666666666666,2.466666666666667,2.2,1.2666666666666666,2.066666666666667,3.0,1.8,1.6666666666666667
1,21,Student,1,1,Canada,Sports,"Individual sports‎ (Tennis, Archery, ...), Team sports (Footbal, Baseball, Rugby, ...) , Indoor sports, Olympic sports‎, Winter sports, Other",Consumer electronics,"Electronic Music, Indie Pop, Pop (Popular music), Dance Music","Adventure, Action, Thriller, Comedy, Romance","Comedy, Drama, Entertainment (Variety Shows), Sport","Erotic fiction, Romance",1,1,0,0,0,9,0,0,0,0,1,0,0,0,0,0,0,0,0,0,0,0,0,0,0,0,2,1,1,2,2,1,1,1,1,1,1,1,1,1,1,1,3,3,3,2,0,0,0,0,0,0,0,0,0,0,0,0,0,0,0,0,0,0,0,0,1.0666666666666667,1.0,1.0,1.0666666666666667,1.0666666666666667,1.0,1.0,1.0,1.0,1.0,1.0,1.0,1.0,1.0,1.0,1.0,1.1333333333333333,1.1333333333333333,1.1333333333333333,1.0666666666666667
1,19,Student,0,2,Canada,Music,I do not like Sports,"Clothing & shoes, Betting, Jewellery & watches","Dance Music, Electronic Music, Hip Hop - Rap, R&amp;B - Soul, Reggae, Rock","Action, Comedy, Crime and Gangster, Biography, Musical, Documentary","Comedy, Factual, Learning, Music","Science fiction, Action and Adventure, Mystery, Guide, Science, Poetry, Biographies",1,1,0,0,-1,2,0,0,0,0,0,0,0,0,0,0,1,1,0,0,0,0,0,0,0,1,4,3,2,3,4,3,3,2,4,3,3,2,5,3,2,3,3,4,3,2,1,0,0,0,1,0,0,0,1,0,0,0,1,0,0,0,0,1,0,0,2.6,2.1333333333333333,2.0,2.2666666666666666,2.4,2.3333333333333335,2.066666666666667,2.0,2.7333333333333334,2.1333333333333333,2.1333333333333333,2.0,3.2,2.533333333333333,2.0,2.1333333333333333,2.0,2.3333333333333335,2.0,1.8
1,21,Student,0,0,Canada,Music,"Individual sports‎ (Tennis, Archery, ...), Team sports (Footbal, Baseball, Rugby, ...) , Indoor sports, Winter sports",Health & Beauty,Indie Pop,"Comedy, Sci-Fi",Comedy,Science,1,1,0,1,0,0,0,0,1,0,0,0,0,0,0,0,0,0,0,0,0,0,0,0,0,0,4,4,4,4,5,4,4,4,4,4,4,1,4,4,4,4,4,4,3,3,1,1,1,1,1,1,1,1,1,1,1,0,1,1,1,1,1,1,0,0,1.5333333333333334,1.8666666666666667,2.0,1.6,2.2,2.2666666666666666,2.3333333333333335,1.7333333333333334,1.8666666666666667,1.4,1.6,1.0,1.7333333333333334,2.1333333333333333,2.1333333333333333,2.066666666666667,1.9333333333333333,1.7333333333333334,1.8,1.1333333333333333
1,43,Contract employment,1,2,Canada,Internet,"Individual sports‎ (Tennis, Archery, ...), Motor sports","Health & Beauty, Jewellery & watches, Clothing & shoes, Pet supplies","Alternative Music, Dance Music, Electronic Music, Rock","Action, Thriller, Comedy, Horror, Sci-Fi, Fantasy, Documentary","Comedy, Drama, News","Science fiction, Mystery, Horror",1,1,4,1,1,7,0,0,1,0,0,0,0,0,0,0,0,1,0,0,1,0,0,0,0,1,4,1,4,4,4,2,2,3,2,4,4,4,4,3,3,4,3,3,4,1,1,0,1,1,1,0,0,0,0,1,1,1,1,0,0,1,0,0,1,0,1.8666666666666667,1.0,1.2,2.066666666666667,1.8666666666666667,1.2,1.0666666666666667,1.2666666666666666,1.1333333333333333,1.8,1.4,2.533333333333333,2.933333333333333,1.4,1.1333333333333333,2.1333333333333333,1.3333333333333333,1.2666666666666666,2.2666666666666666,1.0
0,22,Unemploied,0,0,India,Internet,"Team sports (Footbal, Baseball, Rugby, ...) ","Health & Beauty, Consumer electronics, Dating, Clothing & shoes, Sports & outdoor","Country Music, Dance Music, Rock","Action, Adventure, Thriller, Comedy, Crime and Gangster, Drama, Epic - Historical, War, Biography, Family, Mystery, Documentary, Erotic","Comedy, Factual, News, Sport","Self help, Guide, Science, History, Biographies, Autobiographies",2,2,2,1,2,0,0,0,1,0,1,0,0,0,0,0,0,0,0,0,0,0,1,0,1,1,5,4,3,5,4,5,5,5,4,5,4,3,5,4,5,4,5,4,4,5,1,1,0,1,1,1,1,1,1,1,1,0,1,1,1,1,1,1,1,1,2.8,3.2666666666666666,2.066666666666667,2.7333333333333334,3.3333333333333335,3.533333333333333,3.466666666666667,2.8,2.6666666666666665,3.6,2.466666666666667,2.0,3.1333333333333333,2.2,3.466666666666667,2.4,3.0,3.2666666666666666,2.2666666666666666,2.533333333333333
0,25,Student,1,0,United Kingdom,Reading,I do not like Sports,"Media (BMVD), Dating","Classical Music, Pop (Popular music), Opera","Sci-Fi, Adventure, Crime and Gangster, Drama, Musical, Documentary","Drama, Comedy, Factual, News","Horror, Satire, Science fiction, Autobiographies",1,0,1,0,0,1,0,0,0,1,0,0,0,0,0,0,0,0,0,0,0,0,0,0,1,0,1,1,1,2,3,2,2,2,1,1,1,1,2,1,2,2,2,2,3,2,0,0,0,0,0,0,0,0,0,0,0,0,0,0,0,0,0,0,0,0,1.0,1.0,1.0,1.0666666666666667,1.6666666666666667,1.0666666666666667,1.1333333333333333,1.0666666666666667,1.0,1.0,1.0,1.0,1.0666666666666667,1.0,1.2,1.0666666666666667,1.1333333333333333,1.0666666666666667,1.2,1.2
1,61,Temporary,0,1,Canada,Movie,Other,"Health & Beauty, Media (BMVD), Dating","New Age, Pop (Popular music), Jazz","Comedy, Drama, Documentary","Entertainment (Variety Shows), Comedy, Drama","Satire, Self help, Biographies",2,0,0,0,0,14,0,0,1,1,0,0,0,0,0,0,0,0,0,0,0,0,0,0,1,0,4,3,4,3,3,3,1,3,1,3,3,2,4,3,4,3,3,3,3,4,1,0,1,0,0,0,0,0,0,0,0,0,1,0,1,0,0,0,0,1,2.2666666666666666,2.1333333333333333,1.2,2.2,1.4666666666666666,2.1333333333333333,1.0,1.2666666666666666,1.0,1.8,1.4,1.4666666666666666,2.466666666666667,1.2,2.466666666666667,1.1333333333333333,1.4,1.6,1.1333333333333333,2.7333333333333334
1,21,Student,1,0,Canada,Internet,I do not like Sports,"Console & video games, Clothing & shoes, Health & Beauty, Home stuffs, Toys & games","Alternative Music, Electronic Music, Indie Pop, R&amp;B - Soul","Comedy, Thriller, Animation, Documentary","Comedy, Drama, Music","Action and Adventure, Science, Fantasy",0,0,3,1,0,4,0,0,1,0,0,1,0,0,0,1,0,0,0,0,0,0,0,1,0,1,4,2,1,4,3,3,3,2,4,3,4,1,3,3,5,4,4,2,4,2,1,0,0,1,0,0,0,0,1,0,1,0,0,0,1,1,1,0,1,0,2.066666666666667,1.2666666666666666,1.0,1.4,1.4666666666666666,1.8,1.9333333333333333,1.2666666666666666,2.3333333333333335,1.7333333333333334,1.8,1.0,1.4666666666666666,1.2666666666666666,2.0,1.8666666666666667,1.8666666666666667,1.2666666666666666,1.4,1.4
0,23,Self-employment,1,2,Canada,Internet,"Individual sports‎ (Tennis, Archery, ...)",Computer software,Rock,Action,Drama,Action and Adventure,2,0,0,1,0,1,0,0,0,0,0,0,0,0,0,0,0,0,0,0,0,1,0,0,0,0,5,3,2,5,5,3,3,5,5,5,4,4,3,3,5,5,5,4,3,2,1,0,0,1,1,0,0,1,1,1,1,1,0,0,1,1,1,1,0,0,1.8,1.5333333333333334,1.3333333333333333,2.066666666666667,1.7333333333333334,1.7333333333333334,1.4666666666666666,3.066666666666667,3.1333333333333333,2.8666666666666667,1.6666666666666667,1.4,1.3333333333333333,1.4,2.8,1.5333333333333334,2.2,1.8666666666666667,1.8,1.0666666666666667
0,36,Contract employment,1,1,India,Internet,"Team sports (Footbal, Baseball, Rugby, ...) ","Clothing & shoes, Automotive, Health & Beauty, Media (BMVD), Consumer electronics, Tools & hardware, Console & video games","Classical Music, Dance Music, Asian Pop (J-Pop or K-pop), Jazz, Pop (Popular music), Blues, Rock","Action, Comedy, Sci-Fi, Family, Romance, Musical, Sport","Comedy, Entertainment (Variety Shows), Factual, Music, News, Religion &amp; Ethics, Sport","Science fiction, Satire, Action and Adventure, Romance, Travel, Religious, Science, Comics, Guide",0,1,1,1,3,1,1,0,1,1,1,1,1,0,0,0,0,0,0,0,0,0,0,0,0,1,5,5,4,5,5,5,5,5,5,5,5,2,5,4,5,5,4,5,5,3,1,1,1,1,1,1,1,1,1,1,1,0,1,1,1,1,1,1,1,0,3.4,3.6666666666666665,2.8666666666666667,3.6666666666666665,3.7333333333333334,3.066666666666667,3.3333333333333335,3.533333333333333,2.933333333333333,3.3333333333333335,3.0,1.4,3.1333333333333333,2.533333333333333,3.466666666666667,3.2666666666666666,2.8666666666666667,3.2666666666666666,3.0,1.8666666666666667
0,48,Contract employment,1,1,Canada,Internet,"Indoor sports, Precision sports‎ (Golf, Bowling, ...)","Health & Beauty, Clothing & shoes, Computer software","Easy Listening, Hip Hop - Rap, Pop (Popular music)","Action, Comedy, Horror","Comedy, Entertainment (Variety Shows), News",Action and Adventure,0,0,0,0,1,3,0,0,1,0,0,0,0,0,0,0,0,0,0,0,0,1,0,0,0,1,4,3,4,4,3,5,4,3,4,4,4,3,3,3,3,3,4,4,4,3,1,0,1,1,0,1,1,0,1,1,1,0,0,0,0,0,1,1,1,0,2.6,2.6,2.4,2.3333333333333335,2.2666666666666666,2.8666666666666667,2.466666666666667,2.2,2.4,2.6666666666666665,2.533333333333333,2.2666666666666666,2.533333333333333,2.3333333333333335,2.466666666666667,2.1333333333333333,2.6666666666666665,2.6,2.7333333333333334,2.3333333333333335
0,35,Self-employment,1,2,Canada,Sports,"Individual sports‎ (Tennis, Archery, ...), Team sports (Footbal, Baseball, Rugby, ...) , Olympic sports‎",Sports & outdoor,"Alternative Music, Hip Hop - Rap","Comedy, Action, Biography","Sport, Comedy",Biographies,1,1,1,2,1,3,0,0,0,0,0,0,0,0,0,0,0,0,0,0,0,0,1,0,0,0,4,4,1,4,4,4,4,2,3,4,3,3,3,1,4,1,4,4,5,1,1,1,0,1,1,1,1,0,0,1,0,0,0,0,1,0,1,1,1,0,1.7333333333333334,1.5333333333333334,1.0,1.9333333333333333,2.2,2.6666666666666665,3.1333333333333333,1.0666666666666667,1.3333333333333333,2.7333333333333334,1.2666666666666666,1.3333333333333333,1.1333333333333333,1.0,1.9333333333333333,1.0,2.2666666666666666,2.4,2.8,1.0
1,30,Contract employment,1,2,United Kingdom,Reading,"Equestrian sports‎, Water sports","Clothing & shoes, Health & Beauty","Jazz, Latin Music, Pop (Popular music), Reggae","Adventure, Action, Comedy, Romance","Comedy, Entertainment (Variety Shows), News","Action and Adventure, Romance, Series, Biographies, Autobiographies",1,-1,0,0,1,21,0,0,1,0,0,0,0,0,0,0,0,0,0,0,0,0,0,0,0,1,4,1,1,4,4,3,4,1,2,3,3,1,4,1,1,1,1,4,2,1,1,0,0,1,1,0,1,0,0,0,0,0,1,0,0,0,0,1,0,0,2.0,1.0,1.0,1.7333333333333334,1.4,1.4,2.066666666666667,1.0,1.0666666666666667,1.1333333333333333,1.2,1.0,2.3333333333333335,1.0,1.0,1.0,1.0,1.3333333333333333,1.0666666666666667,1.0
0,49,Temporary,0,0,Canada,Music,"Team sports (Footbal, Baseball, Rugby, ...) ",Media (BMVD),Rock,Documentary,Factual,Poetry,1,-1,2,1,0,1,0,0,0,1,0,0,0,0,0,0,0,0,0,0,0,0,0,0,0,0,4,1,3,3,3,1,1,1,1,3,1,2,3,2,2,1,2,2,1,1,1,0,0,0,0,0,0,0,0,0,0,0,0,0,0,0,0,0,0,0,1.6666666666666667,1.0,1.2666666666666666,1.6,1.4666666666666666,1.0,1.0,1.0,1.0,1.4,1.0,1.0666666666666667,1.1333333333333333,1.2,1.2,1.0,1.0666666666666667,1.1333333333333333,1.0,1.0
1,22,Temporary,0,1,United Kingdom,Internet,"Olympic sports‎, Winter sports","Media (BMVD), Health & Beauty, Dating","Jazz, Indie Pop, Alternative Music, Electronic Music","Adventure, Documentary, Thriller, Romance","Factual, Music","Romance, Guide, Biographies",1,0,2,2,-2,13,0,0,1,1,0,0,0,0,0,0,0,0,0,0,0,0,0,0,1,0,4,2,2,4,4,4,3,3,2,4,3,3,4,4,4,3,4,4,3,4,1,0,0,1,1,1,0,0,0,1,0,0,1,1,1,0,1,1,0,1,2.466666666666667,1.2666666666666666,1.2666666666666666,2.533333333333333,3.1333333333333333,2.933333333333333,2.2666666666666666,1.2666666666666666,1.8666666666666667,3.0,2.1333333333333333,1.3333333333333333,2.7333333333333334,2.2,2.533333333333333,1.5333333333333334,2.6666666666666665,2.8,1.9333333333333333,2.7333333333333334
1,26,Self-employment,1,1,India,Internet,Indoor sports,"Computer software, Health & Beauty, Stationery & office supplies, Baby products, Home stuffs, Clothing & shoes","Classical Music, R&amp;B - Soul","Comedy, Drama, Epic - Historical, Thriller, Family, Romance, Animation, Documentary","Comedy, Drama, Learning, News, Sport","Romance, Drama, Self help, Guide, Religious, Science, Prayer books, Encyclopedias, Autobiographies",4,0,0,4,4,0,0,1,1,0,0,0,0,0,0,1,0,0,0,1,0,1,0,0,0,1,5,5,5,5,5,5,5,5,5,5,5,5,5,5,5,5,5,5,5,5,1,1,1,1,1,1,1,1,1,1,1,1,1,1,1,1,1,1,1,1,3.6666666666666665,3.6666666666666665,4.933333333333334,4.2,4.266666666666667,5.0,2.466666666666667,4.2,4.733333333333333,3.8666666666666667,4.4,2.933333333333333,4.733333333333333,3.2,4.733333333333333,3.7333333333333334,4.266666666666667,4.0,3.933333333333333,1.5333333333333334
1,22,Contract employment,1,1,United Kingdom,Internet,"Individual sports‎ (Tennis, Archery, ...), Olympic sports‎, I do not like Sports","Media (BMVD), Health & Beauty, Clothing & shoes",Electronic Music,"Thriller, Comedy, Drama, Animation, Documentary, Family, Biography, Epic - Historical","Comedy, Drama, Factual, Learning, News",Self help,0,2,1,1,-1,2,0,0,1,1,0,0,0,0,0,0,0,0,0,0,0,0,0,0,0,1,4,1,5,3,4,2,3,1,2,4,4,1,4,2,4,1,4,3,3,3,1,0,1,0,1,0,0,0,0,1,1,0,1,0,1,0,1,0,0,0,2.3333333333333335,1.0,1.2666666666666666,2.0,2.066666666666667,1.1333333333333333,1.1333333333333333,1.0,1.0666666666666667,2.933333333333333,1.2666666666666666,1.0,2.066666666666667,1.0666666666666667,2.6666666666666665,1.0,2.3333333333333335,1.4666666666666666,1.6,1.3333333333333333
1,30,Unemploied,0,1,Canada,Internet,"Individual sports‎ (Tennis, Archery, ...)",Health & Beauty,Dance Music,Thriller,"Children's, Drama","Self help, Romance",0,0,1,1,0,1,0,0,1,0,0,0,0,0,0,0,0,0,0,0,0,0,0,0,0,0,3,2,3,1,2,2,1,3,4,3,4,1,3,2,3,2,3,3,1,2,0,0,0,0,0,0,0,0,1,0,1,0,0,0,0,0,0,0,0,0,1.2666666666666666,1.0666666666666667,1.2666666666666666,1.0,1.4,1.2,1.0,1.2666666666666666,2.2,1.2,1.4,1.0,1.4666666666666666,1.3333333333333333,1.8,1.1333333333333333,1.7333333333333334,1.7333333333333334,1.0,1.0666666666666667
1,31,Student,1,1,Canada,Reading,Winter sports,"Pet supplies, Outdoor Living, Computer software, Consumer electronics, Health & Beauty","Classical Music, Dance Music, Pop (Popular music)","Adventure, Action, Crime and Gangster, Thriller, Sci-Fi, Drama, Documentary, Mystery","Drama, Factual, Weather","Mystery, Drama, Biographies, Science fiction, Self help, Travel, History",-1,0,-1,-1,0,2,0,0,1,0,1,0,0,1,0,0,0,0,0,0,1,1,0,0,0,0,3,2,2,3,4,4,5,2,5,4,4,2,4,3,4,4,4,2,3,2,0,0,0,0,1,1,1,0,1,1,1,0,1,0,1,1,1,0,0,0,2.0,1.3333333333333333,1.2666666666666666,2.2666666666666666,2.6666666666666665,2.8,3.2666666666666666,1.6666666666666667,4.066666666666666,2.3333333333333335,2.8,1.2666666666666666,2.7333333333333334,1.8666666666666667,2.8666666666666667,2.933333333333333,2.933333333333333,1.4666666666666666,1.5333333333333334,1.3333333333333333
0,39,Contract employment,1,2,Canada,Internet,"Individual sports‎ (Tennis, Archery, ...)",Baby products,Pop (Popular music),Adventure,Comedy,Science fiction,2,-2,0,0,1,3,0,1,0,0,0,0,0,0,0,0,0,0,0,0,0,0,0,0,0,0,5,5,3,5,5,5,5,5,5,5,4,5,4,5,4,2,5,5,5,5,1,1,0,1,1,1,1,1,1,1,1,1,1,1,1,0,1,1,1,1,2.3333333333333335,2.6666666666666665,1.7333333333333334,2.933333333333333,2.3333333333333335,3.6666666666666665,1.6666666666666667,1.9333333333333333,2.066666666666667,2.0,2.1333333333333333,1.2666666666666666,2.7333333333333334,2.6666666666666665,1.7333333333333334,1.1333333333333333,3.0,1.8666666666666667,2.3333333333333335,2.6
1,52,Contract employment,0,0,United Kingdom,Reading,"Individual sports‎ (Tennis, Archery, ...)","Media (BMVD), Outdoor Living, Console & video games, Home stuffs, Stationery & office supplies",Rock,"Action, Adventure, Thriller, Drama, Comedy, Fantasy, Sci-Fi, Family","Drama, Factual, Learning, News, Weather, Comedy","Science fiction, Action and Adventure, Drama",1,0,0,1,2,7,0,0,0,1,0,1,0,1,0,1,0,0,0,1,0,0,0,0,0,0,3,4,2,3,4,4,4,4,5,4,5,1,3,3,4,4,3,5,3,1,0,1,0,0,1,1,1,1,1,1,1,0,0,0,1,1,0,1,0,0,2.0,2.533333333333333,1.9333333333333333,2.2,2.4,2.7333333333333334,2.6,2.8,3.8666666666666667,2.6666666666666665,2.8666666666666667,1.0,2.1333333333333333,2.2,2.8,2.2666666666666666,2.2,3.533333333333333,2.2666666666666666,1.0
1,19,Student,1,2,Canada,Sports,"Team sports (Footbal, Baseball, Rugby, ...) , Skating sports, Water sports, Winter sports","Sports & outdoor, Jewellery & watches, Clothing & shoes","Hip Hop - Rap, Pop (Popular music), R&amp;B - Soul","Action, Adventure, Comedy, Crime and Gangster","Comedy, Entertainment (Variety Shows), Sport","Encyclopedias, Autobiographies, Biographies, Action and Adventure, Mystery",1,0,1,0,2,1,0,0,0,0,0,0,0,0,0,0,0,1,0,0,0,0,1,0,0,1,3,3,3,4,3,3,3,3,3,3,3,2,3,3,3,3,3,3,3,2,0,0,0,1,0,0,0,0,0,0,0,0,0,0,0,0,0,0,0,0,2.4,2.2,1.9333333333333333,2.2,2.0,1.8666666666666667,2.1333333333333333,1.8666666666666667,1.6666666666666667,1.8,1.7333333333333334,1.4666666666666666,2.4,1.8,1.8,1.9333333333333333,1.8666666666666667,2.466666666666667,1.8,1.3333333333333333
1,32,Self-employment,0,1,United Kingdom,Internet,"Team sports (Footbal, Baseball, Rugby, ...) ",Consumer electronics,Indie Pop,Comedy,Children's,Romance,0,2,2,1,0,1,0,0,0,0,1,0,0,0,0,0,0,0,0,0,0,0,0,0,0,0,3,1,4,3,3,3,2,2,1,4,3,1,1,1,2,1,3,2,3,1,0,0,1,0,0,0,0,0,0,1,0,0,0,0,0,0,0,0,0,0,1.2,1.0,2.4,1.4,1.4,1.4,1.0666666666666667,1.0666666666666667,1.0,1.3333333333333333,1.2666666666666666,1.0,1.0,1.0,1.2,1.0,1.1333333333333333,1.2666666666666666,1.7333333333333334,1.0
1,21,Contract employment,1,1,United Kingdom,Internet,"Team sports (Footbal, Baseball, Rugby, ...) , Other","Clothing & shoes, Baby products, Media (BMVD), Consumer electronics, Home stuffs, Betting, Dating, Stationery & office supplies","Pop (Popular music), Rock, Country Music","Romance, Family, Comedy, Adventure, Sci-Fi, Erotic","Comedy, Drama, Entertainment (Variety Shows)","Science fiction, Romance, Self help, Diaries, Journals, Fantasy, Erotic fiction",2,2,-1,2,1,0,0,1,0,1,1,0,0,0,0,1,1,0,0,1,0,0,0,0,1,1,4,2,4,2,4,4,3,3,3,4,3,3,3,2,3,2,3,3,3,4,1,0,1,0,1,1,0,0,0,1,0,0,0,0,0,0,0,0,0,1,1.6,1.4666666666666666,1.8,1.5333333333333334,1.8,2.6666666666666665,1.4666666666666666,1.5333333333333334,1.6,1.9333333333333333,1.8,1.6,2.2,1.2666666666666666,1.6,1.4,1.7333333333333334,1.5333333333333334,1.8,2.2666666666666666
1,25,Self-employment,1,1,United Kingdom,Internet,"Team sports (Footbal, Baseball, Rugby, ...) ","Grocery & beverages, Media (BMVD), Pet supplies, Sports & outdoor","Rock, Singer - Songwriter (inc. Folk), Alternative Music","Thriller, Comedy, Horror, Romance","Drama, Comedy, Sport",Horror,2,1,1,1,0,0,0,0,0,1,0,0,0,0,1,0,0,0,0,0,1,0,1,0,0,0,2,2,1,2,3,1,1,1,1,3,3,2,2,3,2,4,4,3,3,1,0,0,0,0,0,0,0,0,0,0,0,0,0,0,0,1,1,0,0,0,1.1333333333333333,1.0666666666666667,1.0,1.0666666666666667,1.4,1.0,1.0,1.0,1.0,1.5333333333333334,1.1333333333333333,1.0666666666666667,1.0666666666666667,1.3333333333333333,1.0666666666666667,1.6666666666666667,1.2666666666666666,1.2,1.3333333333333333,1.0
1,30,Self-employment,1,1,United Kingdom,Internet,I do not like Sports,Health & Beauty,European Music (Folk-Pop),"Drama, Documentary",Drama,History,1,0,2,1,2,3,0,0,1,0,0,0,0,0,0,0,0,0,0,0,0,0,0,0,0,0,4,1,3,4,4,4,2,4,4,4,3,1,3,1,3,1,4,5,4,1,1,0,0,1,1,1,0,1,1,1,0,0,0,0,0,0,1,1,1,0,2.0,1.0,1.5333333333333334,2.466666666666667,2.0,2.4,1.0666666666666667,1.6,2.4,1.7333333333333334,1.8,1.0,1.8666666666666667,1.0,1.6666666666666667,1.0,1.4,1.9333333333333333,1.8,1.0
1,31,Temporary,1,0,United Kingdom,Internet,I do not like Sports,"Health & Beauty, Media (BMVD), Console & video games, Musical instruments & recording equipment, Stationery & office supplies","Rock, Easy Listening, Dance Music, Electronic Music, Pop (Popular music), Indie Pop","Adventure, Comedy, Sci-Fi","Comedy, Drama, Entertainment (Variety Shows), Music","Science fiction, Self help, Diaries, Journals",0,0,3,1,0,5,0,0,1,1,0,1,0,0,0,0,0,0,1,1,0,0,0,0,0,0,5,3,5,5,4,5,4,4,5,5,5,1,5,5,5,5,5,5,5,4,1,0,1,1,1,1,1,1,1,1,1,0,1,1,1,1,1,1,1,1,2.6666666666666665,1.3333333333333333,1.7333333333333334,3.4,2.466666666666667,3.466666666666667,3.0,1.8,2.4,2.533333333333333,3.1333333333333333,1.0,2.933333333333333,3.2666666666666666,2.933333333333333,1.8,2.8666666666666667,2.466666666666667,2.466666666666667,1.8
0,18,Self-employment,1,2,United Kingdom,Internet,I do not like Sports,"Console & video games, Betting, Computer software","Hip Hop - Rap, R&amp;B - Soul, Pop (Popular music)","Action, Comedy, Horror","Comedy, Entertainment (Variety Shows)",Series,0,2,2,0,-2,1,0,0,0,0,0,1,0,0,0,0,1,0,0,0,0,1,0,0,0,0,5,5,4,5,5,5,5,5,5,5,5,4,4,5,5,3,5,5,5,5,1,1,1,1,1,1,1,1,1,1,1,1,1,1,1,0,1,1,1,1,2.6,2.6666666666666665,2.2666666666666666,2.7333333333333334,4.066666666666666,4.4,4.733333333333333,2.6666666666666665,2.4,3.2666666666666666,2.533333333333333,2.8666666666666667,2.2,3.0,3.0,2.066666666666667,4.2,3.6,3.066666666666667,2.4
1,35,Self-employment,0,1,United Kingdom,Internet,Other,"Console & video games, Betting","Rock, Alternative Music",Thriller,"Factual, Entertainment (Variety Shows)","Series, Action and Adventure",-1,2,2,0,2,7,0,0,0,0,0,1,0,0,0,0,1,0,0,0,0,0,0,0,0,0,5,5,5,5,5,5,5,5,5,5,5,5,5,4,5,5,4,5,5,3,1,1,1,1,1,1,1,1,1,1,1,1,1,1,1,1,1,1,1,0,2.466666666666667,3.066666666666667,3.0,3.6666666666666665,3.2,2.8,4.4,2.8,2.2,3.2,2.7333333333333334,2.933333333333333,2.533333333333333,2.3333333333333335,2.533333333333333,2.6666666666666665,2.4,3.0,2.7333333333333334,1.8666666666666667
1,33,Contract employment,1,2,United Kingdom,Movie,"Team sports (Footbal, Baseball, Rugby, ...) , Olympic sports‎","Console & video games, Betting, Toys & games","Dance Music, Pop (Popular music)","Thriller, Horror, Comedy, Adventure","Children's, Factual, Drama",Autobiographies,1,0,1,0,-1,6,0,0,0,0,0,1,0,0,0,0,1,0,0,0,0,0,0,1,0,0,3,3,4,4,4,4,4,2,3,4,4,4,3,2,3,2,4,4,4,3,0,0,1,1,1,1,1,0,0,1,1,1,0,0,0,0,1,1,1,0,1.4666666666666666,1.6666666666666667,2.7333333333333334,1.6666666666666667,2.1333333333333333,2.6666666666666665,3.1333333333333333,1.0666666666666667,1.4666666666666666,2.1333333333333333,1.4,2.3333333333333335,1.5333333333333334,1.0666666666666667,1.3333333333333333,1.1333333333333333,1.8666666666666667,1.8,2.3333333333333335,1.1333333333333333
0,22,Temporary,0,0,India,Internet,Nothing,"Clothing & shoes, Automotive, Health & Beauty, Consumer electronics","Indie Pop, Country Music, Singer - Songwriter (inc. Folk)","Action, Adventure, Thriller, Comedy, Sci-Fi, Fantasy, Horror","Comedy, Entertainment (Variety Shows), Music, Religion &amp; Ethics, News","Religious, Self help, Math, Science",1,1,0,0,2,0,1,0,1,0,1,0,0,0,0,0,0,0,0,0,0,0,0,0,0,1,5,4,5,4,5,5,4,5,5,4,5,4,4,4,5,4,5,5,5,5,1,1,1,1,1,1,1,1,1,1,1,1,1,1,1,1,1,1,1,1,3.2666666666666666,3.1333333333333333,3.3333333333333335,2.8,2.8,3.1333333333333333,2.4,3.6666666666666665,3.6,3.2,3.1333333333333333,2.3333333333333335,2.3333333333333335,3.3333333333333335,3.2666666666666666,3.533333333333333,3.066666666666667,3.3333333333333335,2.933333333333333,3.6
1,34,Contract employment,1,2,United Kingdom,Internet,"Individual sports‎ (Tennis, Archery, ...), Team sports (Footbal, Baseball, Rugby, ...) ","Health & Beauty, Jewellery & watches, Stationery & office supplies","Easy Listening, Classical Music, Dance Music","Thriller, Crime and Gangster, Sci-Fi","News, Drama","Drama, Science fiction, Mystery",0,0,0,1,1,12,0,0,1,0,0,0,0,0,0,0,0,1,0,1,0,0,0,0,0,0,4,2,3,5,3,4,4,3,4,4,4,2,5,4,4,2,3,5,4,4,1,0,0,1,0,1,1,0,1,1,1,0,1,1,1,0,0,1,1,1,2.6666666666666665,1.2666666666666666,1.2,3.0,2.066666666666667,2.1333333333333333,2.7333333333333334,1.3333333333333333,1.5333333333333334,2.2666666666666666,1.9333333333333333,1.2666666666666666,3.533333333333333,1.8,2.1333333333333333,1.2,1.8666666666666667,2.466666666666667,2.533333333333333,1.4666666666666666
1,27,Contract employment,1,2,United Kingdom,Internet,"Indoor sports, Olympic sports‎","Baby products, Health & Beauty, Consumer electronics, Console & video games, Home stuffs, Grocery & beverages, Betting, Jewellery & watches","Dance Music, Easy Listening, European Music (Folk-Pop), Hip Hop - Rap, Indie Pop, Pop (Popular music), R&amp;B - Soul, Rock","Adventure, Action, Comedy, Drama, Horror, Sci-Fi","Comedy, Drama, Factual, Entertainment (Variety Shows), News, Music","Drama, Action and Adventure, Romance, Self help, Guide, Biographies, Anthologies, Children's, Cookbooks",2,0,1,0,2,4,0,1,1,0,1,1,0,0,1,1,1,1,0,0,0,0,0,0,0,0,4,5,5,5,5,4,5,5,5,5,5,5,5,4,5,5,4,5,5,4,1,1,1,1,1,1,1,1,1,1,1,1,1,1,1,1,1,1,1,1,2.533333333333333,3.0,3.466666666666667,3.466666666666667,3.066666666666667,2.6666666666666665,3.4,3.466666666666667,3.6,3.3333333333333335,3.0,1.8666666666666667,3.2666666666666666,2.533333333333333,3.2,2.8,2.6,3.1333333333333333,3.466666666666667,2.0
1,31,Self-employment,0,1,United Kingdom,Music,I do not like Sports,"Health & Beauty, Console & video games","Rock, Alternative Music","Comedy, Sci-Fi, Fantasy, Family","Comedy, Music, Drama",Series,0,2,1,4,2,3,0,0,1,0,0,1,0,0,0,0,0,0,0,0,0,0,0,0,0,0,4,3,2,4,5,5,4,3,4,4,3,4,3,4,4,4,4,2,5,1,1,0,0,1,1,1,1,0,1,1,0,1,0,1,1,1,1,0,1,0,1.6,1.2666666666666666,1.2,2.1333333333333333,2.2666666666666666,2.1333333333333333,1.6666666666666667,1.4,3.2,2.6666666666666665,1.7333333333333334,1.9333333333333333,1.5333333333333334,1.2666666666666666,1.8666666666666667,2.6666666666666665,1.8666666666666667,1.0666666666666667,2.066666666666667,1.0
0,37,Contract employment,1,1,United Kingdom,Internet,"Individual sports‎ (Tennis, Archery, ...)",Console & video games,Pop (Popular music),Comedy,Drama,Horror,2,0,0,2,0,1,0,0,0,0,0,1,0,0,0,0,0,0,0,0,0,0,0,0,0,0,4,4,4,4,4,5,4,4,4,4,4,5,4,4,4,4,5,4,4,4,1,1,1,1,1,1,1,1,1,1,1,1,1,1,1,1,1,1,1,1,2.466666666666667,3.066666666666667,3.3333333333333335,2.6666666666666665,3.1333333333333333,3.7333333333333334,3.7333333333333334,2.6,2.7333333333333334,3.2666666666666666,2.8,3.933333333333333,2.533333333333333,2.8666666666666667,2.8,2.6666666666666665,3.0,3.066666666666667,3.066666666666667,2.4
1,34,Contract employment,1,1,India,Internet,"Individual sports‎ (Tennis, Archery, ...), Team sports (Footbal, Baseball, Rugby, ...) ","Clothing & shoes, Health & Beauty, Tools & hardware, Outdoor Living, Grocery & beverages, Jewellery & watches, Sports & outdoor, Pet supplies, Toys & games","Dance Music, Pop (Popular music), Rock, Blues","Comedy, Sci-Fi, Family, Romance, Musical, Adventure","Comedy, Drama, Entertainment (Variety Shows), Music, Sport","Science fiction, Action and Adventure, Romance, Travel, Science, Religious, Fantasy",0,2,0,0,2,2,0,0,1,0,0,0,1,1,1,0,0,1,0,0,1,0,1,1,0,1,5,4,4,5,5,5,4,5,5,5,5,3,5,4,5,4,4,4,5,3,1,1,1,1,1,1,1,1,1,1,1,0,1,1,1,1,1,1,1,0,3.7333333333333334,2.933333333333333,2.8,3.466666666666667,3.2666666666666666,2.7333333333333334,2.8,3.4,3.2,3.1333333333333333,2.8,1.8,3.4,2.8666666666666667,3.6,2.7333333333333334,2.6666666666666665,2.933333333333333,3.2,1.8666666666666667
1,26,Temporary,1,0,India,Movie,"Individual sports‎ (Tennis, Archery, ...), Indoor sports","Outdoor Living, Grocery & beverages, Console & video games, Media (BMVD)","Reggae, Blues, Hip Hop - Rap","Thriller, Action, Romance, Comedy","Comedy, Drama, Factual, News","Science fiction, Guide, Encyclopedias, Cookbooks, Comics",0,-2,3,0,3,1,0,0,0,1,0,1,0,1,1,0,0,0,0,0,0,0,0,0,0,0,5,4,4,5,5,5,5,5,4,5,5,3,5,5,4,3,5,5,5,1,1,1,1,1,1,1,1,1,1,1,1,0,1,1,1,0,1,1,1,0,3.533333333333333,1.4,1.4,2.3333333333333335,4.2,2.8,4.0,1.4666666666666666,3.466666666666667,3.533333333333333,3.1333333333333333,1.2,2.8666666666666667,3.066666666666667,1.8,1.1333333333333333,3.1333333333333333,3.066666666666667,3.0,1.0
0,32,Contract employment,1,2,United States of America,Sports,"Team sports (Footbal, Baseball, Rugby, ...) , Hunting sports, Precision sports‎ (Golf, Bowling, ...), Winter sports","Sports & outdoor, Console & video games, Tools & hardware, Betting","Hip Hop - Rap, Country Music","Thriller, Comedy, Adventure, Action, Sport","Comedy, Children's, Factual, Entertainment (Variety Shows), News, Sport","Mystery, Biographies",2,0,1,0,0,1,0,0,0,0,0,1,1,0,0,0,1,0,0,0,0,0,1,0,0,0,5,4,3,5,4,5,5,5,5,5,5,1,1,1,3,1,4,5,4,5,1,1,0,1,1,1,1,1,1,1,1,0,0,0,0,0,1,1,1,1,1.8666666666666667,1.2,1.1333333333333333,1.2666666666666666,1.5333333333333334,1.6666666666666667,3.066666666666667,2.1333333333333333,1.7333333333333334,1.2666666666666666,1.5333333333333334,1.0,1.0,1.0,1.2,1.0,1.4,2.1333333333333333,1.4666666666666666,1.9333333333333333
1,19,Student,1,3,United States of America,Reading,"Team sports (Footbal, Baseball, Rugby, ...) ","Console & video games, Media (BMVD)",Pop (Popular music),"Comedy, Action",Comedy,"Horror, Mystery, Satire, Drama, Action and Adventure, Science fiction, Series, Fantasy, Poetry, Comics",1,2,4,1,1,0,0,0,0,1,0,1,0,0,0,0,0,0,0,0,0,0,0,0,0,0,5,2,1,1,4,3,4,2,2,1,3,1,4,3,3,1,3,3,4,1,1,0,0,0,1,0,1,0,0,0,0,0,1,0,0,0,0,0,1,0,1.4,1.1333333333333333,1.0,1.0,1.9333333333333333,1.2666666666666666,1.8,1.0666666666666667,1.0666666666666667,1.0,1.1333333333333333,1.0,1.4666666666666666,1.2,1.3333333333333333,1.0,1.2666666666666666,1.2,1.4666666666666666,1.0
1,41,Temporary,0,1,United States of America,Music,"Individual sports‎ (Tennis, Archery, ...)","Clothing & shoes, Health & Beauty, Outdoor Living","Dance Music, Hip Hop - Rap, Alternative Music","Comedy, Documentary, Adventure","Comedy, Learning","Action and Adventure, Guide",1,1,0,1,1,2,0,0,1,0,0,0,0,1,0,0,0,0,0,0,0,0,0,0,0,1,3,2,2,2,3,2,1,3,3,3,3,1,1,3,2,1,2,3,3,1,0,0,0,0,0,0,0,0,0,0,0,0,0,0,0,0,0,0,0,0,1.8,1.0666666666666667,1.0666666666666667,1.3333333333333333,1.6666666666666667,1.0666666666666667,1.0,1.2,2.6666666666666665,1.9333333333333333,1.1333333333333333,1.0,1.0,1.8666666666666667,1.1333333333333333,1.0,1.1333333333333333,1.9333333333333333,1.4,1.0
0,30,Self-employment,1,3,United States of America,Internet,"Team sports (Footbal, Baseball, Rugby, ...) ",Media (BMVD),Electronic Music,Comedy,Comedy,Horror,0,1,-3,-4,-1,0,0,0,0,1,0,0,0,0,0,0,0,0,0,0,0,0,0,0,0,0,5,5,5,5,5,5,5,5,5,5,4,5,5,5,5,4,4,5,5,5,1,1,1,1,1,1,1,1,1,1,1,1,1,1,1,1,1,1,1,1,3.1333333333333333,3.3333333333333335,3.533333333333333,3.066666666666667,3.2,3.1333333333333333,3.466666666666667,3.6666666666666665,3.2,3.1333333333333333,3.066666666666667,3.1333333333333333,3.533333333333333,3.2666666666666666,3.466666666666667,3.3333333333333335,3.2,3.533333333333333,3.533333333333333,3.1333333333333333
1,37,Self-employment,1,1,United States of America,Music,Water sports,"Sports & outdoor, Health & Beauty, Media (BMVD), Consumer electronics, Outdoor Living, Grocery & beverages, Jewellery & watches, Betting, Pet supplies, Musical instruments & recording equipment, Toys & games","Blues, Classical Music, Inspirational (incl. Gospel), Jazz, New Age, Pop (Popular music), Rock, Singer - Songwriter (inc. Folk)","Action, Adventure, Thriller, Drama, Sci-Fi, Horror, Fantasy, Mystery, Romance","Drama, Entertainment (Variety Shows), Factual, Learning, Music, Comedy, News","Self help, Travel, Drama, Guide",1,-1,0,0,0,1,0,0,1,1,1,0,0,1,1,0,1,1,1,0,1,0,1,1,0,0,5,3,4,5,5,4,2,3,4,3,4,5,5,5,5,5,4,5,5,1,1,0,1,1,1,1,0,0,1,0,1,1,1,1,1,1,1,1,1,0,2.933333333333333,1.6666666666666667,1.3333333333333333,3.0,3.2666666666666666,2.933333333333333,1.0666666666666667,1.6,3.066666666666667,2.0,2.3333333333333335,3.4,2.7333333333333334,2.8,2.8666666666666667,2.7333333333333334,2.533333333333333,2.933333333333333,2.933333333333333,1.0
1,25,Student,0,1,United States of America,Reading,Winter sports,Clothing & shoes,"Alternative Music, Country Music, Pop (Popular music)","Action, Adventure, Comedy, Romance",Factual,Fantasy,1,1,0,0,0,2,0,0,0,0,0,0,0,0,0,0,0,0,0,0,0,0,0,0,0,1,3,2,2,3,4,3,2,1,3,2,3,1,3,2,3,1,4,3,2,1,0,0,0,0,1,0,0,0,0,0,0,0,0,0,0,0,1,0,0,0,1.6,1.1333333333333333,1.0666666666666667,1.4666666666666666,1.8666666666666667,1.8666666666666667,1.0666666666666667,1.0,1.1333333333333333,1.0666666666666667,1.2,1.0,2.1333333333333333,1.1333333333333333,1.3333333333333333,1.0,1.6666666666666667,1.2666666666666666,1.2666666666666666,1.0
1,20,Student,1,3,United States of America,Internet,"Team sports (Footbal, Baseball, Rugby, ...) ","Clothing & shoes, Jewellery & watches, Computer software","Classical Music, Jazz","Action, Romance, Thriller, Mystery, Musical","Children's, Comedy, Music","Science fiction, Drama, Fantasy",3,0,0,2,0,0,0,0,0,0,0,0,0,0,0,0,0,1,0,0,0,1,0,0,0,1,5,4,5,5,4,5,5,5,5,5,5,4,5,5,5,5,5,5,5,5,1,1,1,1,1,1,1,1,1,1,1,1,1,1,1,1,1,1,1,1,2.4,2.0,2.066666666666667,2.2,2.0,2.533333333333333,2.3333333333333335,2.4,2.2666666666666666,2.2,2.8,1.8666666666666667,2.8666666666666667,2.2666666666666666,3.2666666666666666,2.466666666666667,2.3333333333333335,2.466666666666667,2.4,1.6666666666666667
1,32,Student,1,1,United States of America,Internet,I do not like Sports,"Media (BMVD), Pet supplies","Country Music, Easy Listening, Rock, Singer - Songwriter (inc. Folk)","Action, Thriller, Comedy, Drama, Epic - Historical, Horror, War, Western, Biography, Mystery, Romance, Documentary","Comedy, Drama, Factual","Drama, Self help, History, Anthologies, Poetry, Series, Cookbooks, Biographies, Autobiographies",1,-1,1,-1,3,2,0,0,0,1,0,0,0,0,0,0,0,0,0,0,1,0,0,0,0,0,4,4,3,3,3,3,3,3,3,3,3,1,3,3,4,3,1,3,3,3,1,1,0,0,0,0,0,0,0,0,0,0,0,0,1,0,0,0,0,0,1.6666666666666667,1.2,1.1333333333333333,2.066666666666667,1.5333333333333334,1.4,1.1333333333333333,1.2,1.6666666666666667,1.8666666666666667,1.6666666666666667,1.0,2.2666666666666666,1.5333333333333334,1.6666666666666667,1.8,1.0,1.4666666666666666,1.2666666666666666,1.2
1,46,Student,1,0,United States of America,Movie,Winter sports,Clothing & shoes,"Country Music, Indie Pop, Pop (Popular music), Rock, Singer - Songwriter (inc. Folk)","Adventure, Thriller, Comedy, Crime and Gangster, Sci-Fi, Horror, Animation, Fantasy, Mystery, Documentary, Musical","Comedy, Drama, Factual, Learning","Satire, Self help, Mystery, Horror",-1,0,0,-1,0,6,0,0,0,0,0,0,0,0,0,0,0,0,0,0,0,0,0,0,0,1,3,4,5,3,4,4,3,3,3,3,3,1,4,1,3,4,3,4,4,1,0,1,1,0,1,1,0,0,0,0,0,0,1,0,0,1,0,1,1,0,1.6666666666666667,1.2666666666666666,1.3333333333333333,1.1333333333333333,1.4666666666666666,1.4,1.1333333333333333,1.5333333333333334,1.7333333333333334,2.2666666666666666,1.5333333333333334,1.0,1.6666666666666667,1.0,1.6,2.533333333333333,1.4666666666666666,1.5333333333333334,2.066666666666667,1.0
1,26,Contract employment,1,1,United States of America,Movie,"Team sports (Footbal, Baseball, Rugby, ...) , Indoor sports, Olympic sports‎, Endurance sports, Precision sports‎ (Golf, Bowling, ...), Skating sports, Winter sports","Clothing & shoes, Home stuffs","Electronic Music, Rock, Indie Pop","Comedy, Documentary, Drama","Comedy, Factual, Entertainment (Variety Shows)","Self help, Autobiographies, Travel, Guide, Art",0,0,0,2,0,6,0,0,0,0,0,0,0,0,0,1,0,0,0,0,0,0,0,0,0,1,4,3,1,3,3,3,2,2,3,4,5,2,3,3,4,3,4,3,2,3,1,0,0,0,0,0,0,0,0,1,1,0,0,0,1,0,1,0,0,0,2.466666666666667,1.6,1.0,1.7333333333333334,2.1333333333333333,1.8,1.0666666666666667,1.1333333333333333,1.7333333333333334,2.0,1.8,1.0666666666666667,1.5333333333333334,1.4666666666666666,1.9333333333333333,1.7333333333333334,2.3333333333333335,1.6,1.2666666666666666,1.9333333333333333
0,24,Student,0,1,United States of America,Internet,"Individual sports‎ (Tennis, Archery, ...), Team sports (Footbal, Baseball, Rugby, ...) ","Consumer electronics, Automotive, Tools & hardware, Computer software","Electronic Music, Country Music, European Music (Folk-Pop)","Action, Comedy, Mystery, Drama","Comedy, Entertainment (Variety Shows), Music","Self help, Biographies",-1,-2,2,0,1,1,1,0,0,0,1,0,1,0,0,0,0,0,0,0,0,1,0,0,0,0,5,5,2,4,5,5,3,5,4,5,4,3,3,5,5,1,5,5,4,2,1,1,0,1,1,1,0,1,1,1,1,0,0,1,1,0,1,1,1,0,2.2666666666666666,3.1333333333333333,1.2666666666666666,1.6,2.533333333333333,4.0,2.066666666666667,2.7333333333333334,1.8,1.9333333333333333,2.466666666666667,1.2666666666666666,1.5333333333333334,2.6,3.466666666666667,1.0,3.466666666666667,3.0,2.2,1.0666666666666667
0,23,Student,1,0,Singapore,Internet,"Individual sports‎ (Tennis, Archery, ...)","Console & video games, Computer software, Dating, Toys & games","Pop (Popular music), Rock","Action, Thriller, Adventure, Comedy, Crime and Gangster, Sci-Fi, Fantasy, Animation, Mystery, Romance","Comedy, Drama, Entertainment (Variety Shows)","Mystery, Action and Adventure, Math, Fantasy, Self help, Religious",1,0,1,1,3,8,0,0,0,0,0,1,0,0,0,0,0,0,0,0,0,1,0,1,1,0,4,2,3,3,5,5,5,1,1,5,2,3,2,2,3,2,5,4,4,4,1,0,0,0,1,1,1,0,0,1,0,0,0,0,0,0,1,1,1,1,2.066666666666667,1.0666666666666667,1.4,1.3333333333333333,3.533333333333333,3.6,4.866666666666666,1.0,1.0,3.066666666666667,1.0666666666666667,1.1333333333333333,1.1333333333333333,1.0666666666666667,1.8,1.0666666666666667,2.6,2.066666666666667,3.066666666666667,3.466666666666667
0,64,Temporary,0,1,United States of America,Reading,"Individual sports‎ (Tennis, Archery, ...), Water sports",Dating,"Blues, Jazz","Comedy, Thriller",News,"Mystery, Travel, Cookbooks, Encyclopedias",2,2,1,0,1,13,0,0,0,0,0,0,0,0,0,0,0,0,0,0,0,0,0,0,1,0,4,2,1,5,4,3,2,2,3,4,4,2,1,2,4,3,4,3,3,4,1,0,0,1,1,0,0,0,0,1,1,0,0,0,1,0,1,0,0,1,1.6,1.1333333333333333,1.0,1.8666666666666667,1.8666666666666667,2.4,1.0666666666666667,1.0666666666666667,2.066666666666667,2.8666666666666667,1.6,1.6,1.0,1.2,2.2,1.5333333333333334,2.2,1.8,1.2,3.1333333333333333
1,26,Contract employment,1,1,United States of America,Movie,I do not like Sports,"Media (BMVD), Clothing & shoes, Health & Beauty, Grocery & beverages","Jazz, Rock, Singer - Songwriter (inc. Folk)","Comedy, Drama","Drama, Comedy","Drama, Comics",0,1,-1,2,0,8,0,0,1,1,0,0,0,0,1,0,0,0,0,0,0,0,0,0,0,1,2,1,5,2,3,3,2,1,2,2,3,1,2,2,2,2,5,2,2,1,0,0,1,0,0,0,0,0,0,0,0,0,0,0,0,0,1,0,0,0,1.2666666666666666,1.0,1.2666666666666666,1.4,1.3333333333333333,1.2,1.1333333333333333,1.0,1.1333333333333333,1.1333333333333333,1.1333333333333333,1.0,1.2,1.0666666666666667,1.0666666666666667,1.1333333333333333,1.4,1.1333333333333333,1.1333333333333333,1.0
1,28,Contract employment,1,3,United States of America,Sports,Endurance sports,"Sports & outdoor, Musical instruments & recording equipment","Classical Music, Alternative Music, Blues","Action, Adventure",Learning,Action and Adventure,2,0,0,1,0,7,0,0,0,0,0,0,0,0,0,0,0,0,1,0,0,0,1,0,0,0,5,5,4,5,5,5,4,5,5,4,5,2,5,5,4,3,5,5,4,1,1,1,1,1,1,1,1,1,1,1,1,0,1,1,1,0,1,1,1,0,2.7333333333333334,2.2,1.8666666666666667,1.7333333333333334,3.066666666666667,3.066666666666667,1.2,3.466666666666667,2.8,2.2666666666666666,2.6666666666666665,1.1333333333333333,2.933333333333333,4.733333333333333,2.7333333333333334,1.6666666666666667,3.1333333333333333,3.3333333333333335,2.1333333333333333,1.0
1,26,Unemploied,1,1,Slovenia,Internet,"Individual sports‎ (Tennis, Archery, ...), Indoor sports, Water sports","Pet supplies, Clothing & shoes, Jewellery & watches","Alternative Music, Blues, Classical Music, Dance Music, Electronic Music, Jazz, Reggae, Rock","Comedy, Drama, Documentary","Comedy, Entertainment (Variety Shows), Learning","Drama, Poetry, Science",0,1,0,0,3,3,0,0,0,0,0,0,0,0,0,0,0,1,0,0,1,0,0,0,0,1,3,2,2,3,3,3,2,2,2,3,2,1,3,1,1,3,1,2,2,1,0,0,0,0,0,0,0,0,0,0,0,0,0,0,0,0,0,0,0,0,1.6,1.2666666666666666,1.0666666666666667,1.7333333333333334,1.1333333333333333,1.5333333333333334,1.3333333333333333,1.1333333333333333,1.0666666666666667,1.4,1.2666666666666666,1.0,2.2,1.0,1.0,1.4,1.0,1.3333333333333333,1.0666666666666667,1.0
1,57,Temporary,0,1,United States of America,Internet,I do not like Sports,"Clothing & shoes, Media (BMVD), Health & Beauty","Country Music, Easy Listening, Dance Music","Drama, Comedy, Thriller","Comedy, Factual, Drama","Romance, Self help, Autobiographies",2,1,-1,0,1,1,0,0,1,1,0,0,0,0,0,0,0,0,0,0,0,0,0,0,0,1,5,3,1,5,5,3,1,1,5,3,3,1,5,1,2,1,1,2,1,1,1,0,0,1,1,0,0,0,1,0,0,0,1,0,0,0,0,0,0,0,2.0,1.2666666666666666,1.0,2.0,1.4,1.1333333333333333,1.0,1.0,2.066666666666667,1.5333333333333334,1.3333333333333333,1.0,1.4,1.0,1.0666666666666667,1.0,1.0,1.0666666666666667,1.0,1.0
1,28,Contract employment,1,1,United States of America,Internet,I do not like Sports,"Health & Beauty, Media (BMVD), Clothing & shoes","Pop (Popular music), R&amp;B - Soul","Comedy, Drama, Mystery","Drama, Comedy",Mystery,0,0,0,1,1,3,0,0,1,1,0,0,0,0,0,0,0,0,0,0,0,0,0,0,0,1,2,1,1,2,3,2,2,1,1,2,1,1,1,2,1,1,3,2,1,1,0,0,0,0,0,0,0,0,0,0,0,0,0,0,0,0,0,0,0,0,1.2,1.0,1.0,1.0666666666666667,1.4,1.0666666666666667,1.0666666666666667,1.0,1.0,1.2,1.0,1.0,1.0,1.0666666666666667,1.0,1.0,1.2666666666666666,1.0666666666666667,1.0,1.0
0,47,Temporary,0,1,United States of America,Internet,I do not like Sports,"Computer software, Media (BMVD), Consumer electronics, Grocery & beverages","Electronic Music, Alternative Music, Classical Music, Indie Pop, Rock","Comedy, Adventure, Thriller, Crime and Gangster, Drama, Horror, Sci-Fi","Comedy, Drama, Factual, Learning, News","Science fiction, Satire, Mystery, Horror, Self help, Guide, Science, Comics, Art, Cookbooks, Biographies",1,0,1,1,2,1,0,0,0,1,1,0,0,0,1,0,0,0,0,0,0,1,0,0,0,0,3,1,1,2,2,3,1,1,1,2,3,1,1,1,3,1,4,3,1,1,0,0,0,0,0,0,0,0,0,0,0,0,0,0,0,0,1,0,0,0,1.2666666666666666,1.0,1.0,1.0666666666666667,1.1333333333333333,1.8,1.0,1.0,1.0,1.1333333333333333,1.1333333333333333,1.0,1.0,1.0,1.5333333333333334,1.0,1.5333333333333334,1.1333333333333333,1.0,1.0
1,35,Contract employment,1,3,United States of America,Reading,"Team sports (Footbal, Baseball, Rugby, ...) ","Clothing & shoes, Health & Beauty","R&amp;B - Soul, World Music - Beats","Adventure, Comedy, Biography","Comedy, Drama","Drama, Action and Adventure",2,0,1,0,1,5,0,0,1,0,0,0,0,0,0,0,0,0,0,0,0,0,0,0,0,1,4,3,3,4,3,4,2,2,3,4,4,2,4,3,3,2,3,3,2,3,1,0,0,1,0,1,0,0,0,1,1,0,1,0,0,0,0,0,0,0,2.4,1.7333333333333334,1.8,2.4,2.0,2.466666666666667,1.6,1.8,2.066666666666667,2.066666666666667,2.1333333333333333,1.3333333333333333,2.6,1.8,2.2,1.6,2.0,1.8,1.6666666666666667,1.2
1,41,Consulting,1,1,United States of America,Reading,Water sports,"Outdoor Living, Health & Beauty, Stationery & office supplies, Pet supplies","Alternative Music, Blues, European Music (Folk-Pop), Hip Hop - Rap","Action, Crime and Gangster, Epic - Historical","Comedy, Drama, Learning","Drama, Horror",0,-1,1,1,0,1,0,0,1,0,0,0,0,1,0,0,0,0,0,1,1,0,0,0,0,0,5,2,4,5,4,5,3,3,5,4,5,1,5,4,5,5,5,5,4,2,1,0,1,1,1,1,0,0,1,1,1,0,1,1,1,1,1,1,1,0,2.933333333333333,1.4666666666666666,2.933333333333333,2.466666666666667,2.8666666666666667,2.4,1.7333333333333334,2.2666666666666666,2.533333333333333,2.066666666666667,2.466666666666667,1.0,3.6666666666666665,1.5333333333333334,3.066666666666667,3.066666666666667,2.4,2.466666666666667,2.3333333333333335,1.0666666666666667
1,52,Contract employment,1,3,United States of America,Reading,"Individual sports‎ (Tennis, Archery, ...), Team sports (Footbal, Baseball, Rugby, ...) , Indoor sports, Precision sports‎ (Golf, Bowling, ...), Motor sports, Water sports","Clothing & shoes, Health & Beauty, Baby products, Outdoor Living, Console & video games","Alternative Music, Classical Music, Blues, Pop (Popular music)","Adventure, Comedy, Crime and Gangster, Family","Children's, Drama, Comedy","Drama, Mystery, Children's literature",0,-2,1,2,0,0,0,1,1,0,0,1,0,1,0,0,0,0,0,0,0,0,0,0,0,1,5,5,5,5,5,5,5,4,5,5,5,3,4,5,5,5,5,5,5,1,1,1,1,1,1,1,1,1,1,1,1,0,1,1,1,1,1,1,1,0,2.1333333333333333,2.6,4.4,3.2666666666666666,3.2,3.533333333333333,3.6,1.9333333333333333,4.133333333333334,3.2666666666666666,3.466666666666667,2.2,1.2666666666666666,3.066666666666667,2.8,3.2,2.7333333333333334,3.2,4.066666666666666,1.0
1,56,Contract employment,0,0,United States of America,Internet,Olympic sports‎,"Pet supplies, Jewellery & watches, Health & Beauty, Computer software","Easy Listening, R&amp;B - Soul","Drama, Epic - Historical","Learning, Religion &amp; Ethics, Comedy","Guide, Prayer books",0,0,0,-1,0,1,0,0,1,0,0,0,0,0,0,0,0,1,0,0,1,1,0,0,0,0,5,5,4,5,3,4,1,3,5,5,5,1,5,4,5,5,5,5,3,1,1,1,1,1,0,1,0,0,1,1,1,0,1,1,1,1,1,1,0,0,2.2,2.2,1.4,2.3333333333333335,1.6666666666666667,2.066666666666667,1.0,1.2,3.2,2.066666666666667,2.8,1.0,3.4,2.2666666666666666,2.6,3.2666666666666666,2.933333333333333,1.4666666666666666,1.6,1.0
1,27,Student,1,1,United States of America,Reading,"Water sports, Winter sports",Media (BMVD),Alternative Music,Comedy,Comedy,Action and Adventure,2,2,2,1,3,1,0,0,0,1,0,0,0,0,0,0,0,0,0,0,0,0,0,0,0,0,5,4,5,4,5,4,2,3,5,5,4,1,5,3,4,4,4,5,4,2,1,1,1,1,1,1,0,0,1,1,1,0,1,0,1,1,1,1,1,0,1.8666666666666667,1.5333333333333334,1.8,2.2,3.0,1.8666666666666667,1.1333333333333333,1.3333333333333333,2.7333333333333334,3.0,2.066666666666667,1.0,1.8,1.6,2.533333333333333,1.7333333333333334,2.2,1.9333333333333333,1.9333333333333333,1.0666666666666667
0,23,Student,1,2,United States of America,Sports,"Individual sports‎ (Tennis, Archery, ...), Team sports (Footbal, Baseball, Rugby, ...) , Precision sports‎ (Golf, Bowling, ...)",Clothing & shoes,Hip Hop - Rap,Action,Comedy,Mystery,2,1,1,2,0,3,0,0,0,0,0,0,0,0,0,0,0,0,0,0,0,0,0,0,0,1,5,5,1,5,3,5,5,1,1,4,3,1,5,2,3,3,5,4,3,5,1,1,0,1,0,1,1,0,0,1,0,0,1,0,0,0,1,1,0,1,2.6,1.4666666666666666,1.0,2.066666666666667,1.3333333333333333,2.4,4.266666666666667,1.0,1.0,2.533333333333333,1.3333333333333333,1.0,1.6,1.0666666666666667,1.5333333333333334,1.3333333333333333,1.9333333333333333,1.8,1.6,1.5333333333333334
1,39,Contract employment,1,1,United States of America,Reading,"Team sports (Footbal, Baseball, Rugby, ...) , Olympic sports‎, Winter sports","Clothing & shoes, Health & Beauty, Media (BMVD)","Alternative Music, Hip Hop - Rap, Indie Pop","Comedy, Sci-Fi, Fantasy","Comedy, Drama","Science fiction, Erotic fiction, Drama",0,-1,2,2,2,10,0,0,1,1,0,0,0,0,0,0,0,0,0,0,0,0,0,0,0,1,5,4,5,4,5,4,4,1,3,5,4,4,4,3,4,3,4,4,4,3,1,1,1,1,1,1,1,0,0,1,1,1,1,0,1,0,1,1,1,0,2.6,1.7333333333333334,1.2666666666666666,2.533333333333333,2.533333333333333,2.4,1.3333333333333333,1.0,1.6666666666666667,3.066666666666667,1.8666666666666667,1.9333333333333333,1.7333333333333334,1.6,1.8,1.5333333333333334,1.7333333333333334,2.066666666666667,2.3333333333333335,2.533333333333333
1,21,Student,0,0,Canada,Internet,Indoor sports,"Clothing & shoes, Health & Beauty, Console & video games","Alternative Music, Rock, Electronic Music, Jazz","Thriller, Horror, Crime and Gangster","Children's, Drama","History, Science, Action and Adventure",1,1,2,2,1,5,0,0,1,0,0,1,0,0,0,0,0,0,0,0,0,0,0,0,0,1,5,2,3,5,4,4,5,2,5,5,5,2,5,5,5,4,5,2,5,2,1,0,0,1,1,1,1,0,1,1,1,0,1,1,1,1,1,0,1,0,2.2666666666666666,1.3333333333333333,1.3333333333333333,1.8,1.6,1.4666666666666666,2.066666666666667,1.2666666666666666,2.6,2.6666666666666665,1.7333333333333334,1.0666666666666667,2.066666666666667,2.6666666666666665,2.1333333333333333,1.6,1.9333333333333333,1.3333333333333333,1.9333333333333333,1.0666666666666667
1,28,Contract employment,1,2,United States of America,Reading,I do not like Sports,"Clothing & shoes, Baby products, Home stuffs","Alternative Music, Pop (Popular music)","Drama, Comedy, Family","Drama, Children's","Series, Romance, Fantasy, Trilogies",0,0,2,1,-2,1,0,1,0,0,0,0,0,0,0,1,0,0,0,0,0,0,0,0,0,1,5,4,5,4,5,5,4,3,5,5,4,4,5,2,4,4,5,4,4,4,1,1,1,1,1,1,1,0,1,1,1,1,1,0,1,1,1,1,1,1,2.8666666666666667,1.6,2.8666666666666667,2.466666666666667,3.066666666666667,2.3333333333333335,1.4,1.7333333333333334,2.933333333333333,2.466666666666667,2.4,1.8,2.2,1.1333333333333333,2.7333333333333334,2.3333333333333335,2.2,1.8,3.066666666666667,1.2
1,55,Self-employment,1,2,United States of America,Internet,"Olympic sports‎, Equestrian sports‎, Motor sports, Skating sports","Health & Beauty, Home stuffs, Automotive, Consumer electronics, Tools & hardware","Hip Hop - Rap, R&amp;B - Soul, Pop (Popular music)","Drama, Comedy, Crime and Gangster","Comedy, Drama, Entertainment (Variety Shows), Factual, News","Drama, Romance, Mystery",0,1,0,0,-1,3,1,0,1,0,1,0,1,0,0,1,0,0,0,0,0,0,0,0,0,0,4,5,2,5,4,5,2,5,5,4,5,3,3,2,5,3,5,3,4,3,1,1,0,1,1,1,0,1,1,1,1,0,0,0,1,0,1,0,1,0,2.2,2.6,1.0666666666666667,2.4,1.6,3.8,1.0666666666666667,3.2666666666666666,2.933333333333333,1.6666666666666667,3.0,2.466666666666667,1.8666666666666667,1.2,2.6666666666666665,1.7333333333333334,2.8666666666666667,1.3333333333333333,1.6666666666666667,1.4666666666666666
1,18,Student,1,2,United States of America,Reading,I do not like Sports,"Media (BMVD), Health & Beauty","Electronic Music, Hip Hop - Rap, Asian Pop (J-Pop or K-pop), Latin Music, Pop (Popular music), Rock, R&amp;B - Soul","Action, Thriller, Comedy, Crime and Gangster, Drama, Animation, Horror, Romance","Comedy, Drama, Entertainment (Variety Shows)","Drama, Action and Adventure, Romance, Mystery, Comics, Series, Trilogies, Fantasy",0,1,2,2,1,5,0,0,1,1,0,0,0,0,0,0,0,0,0,0,0,0,0,0,0,0,4,5,1,4,5,5,3,3,1,3,4,1,5,4,4,3,5,4,2,3,1,1,0,1,1,1,0,0,0,0,1,0,1,1,1,0,1,1,0,0,2.2,1.5333333333333334,1.0,2.6666666666666665,3.3333333333333335,3.2666666666666666,1.4666666666666666,1.2,1.0,1.4666666666666666,1.2666666666666666,1.0,1.7333333333333334,1.2,2.2666666666666666,1.1333333333333333,2.4,1.5333333333333334,1.0666666666666667,2.066666666666667
1,61,Temporary,0,1,Canada,Movie,Other,"Clothing & shoes, Health & Beauty, Grocery & beverages","New Age, Jazz","Comedy, Drama, Documentary","Comedy, Drama","Satire, Romance, Biographies",2,2,0,0,0,3,0,0,1,0,0,0,0,0,1,0,0,0,0,0,0,0,0,0,0,1,4,3,3,3,2,3,1,1,3,3,3,3,4,1,4,3,3,3,3,4,1,0,0,0,0,0,0,0,0,0,0,0,1,0,1,0,0,0,0,1,2.466666666666667,2.2666666666666666,1.1333333333333333,1.8666666666666667,1.2,1.6,1.0,1.0,1.1333333333333333,1.5333333333333334,1.2666666666666666,1.1333333333333333,2.466666666666667,1.0,2.2666666666666666,1.1333333333333333,1.2666666666666666,1.2,1.1333333333333333,2.8666666666666667
0,33,Consulting,1,2,United States of America,Reading,"Individual sports‎ (Tennis, Archery, ...), Team sports (Footbal, Baseball, Rugby, ...) , Indoor sports, Olympic sports‎, Endurance sports",Consumer electronics,Indie Pop,Action,Sport,Self help,1,2,0,1,1,1,0,0,0,0,1,0,0,0,0,0,0,0,0,0,0,0,0,0,0,0,2,1,1,4,3,1,1,1,3,1,3,1,3,1,4,1,1,5,1,1,0,0,0,1,0,0,0,0,0,0,0,0,0,0,1,0,0,1,0,0,1.0666666666666667,1.0,1.0,1.5333333333333334,1.2,1.0,1.0,1.0,1.1333333333333333,1.0,1.2,1.0,1.1333333333333333,1.0,1.6,1.0,1.0,1.6666666666666667,1.0,1.0
